25-08-2023 23:58,0,1,SHYAM SEL_SMS,SHYAM SEL_SMS,SHYAM SEL_SMS,SHYAM SEL_SMS,BATCH NO./LOT NO.[E-7593              ] SIZE[B                   ] GRADE[02:40AM             ] ,C,0.1813,,Mn,0.666,,Si,0.2499,,S,0.0254,,P,0.0886,,Al,0.4672,,Cr,0.0054,,Cu,0.0045,,Ni,0.0055,,Mo,0.0152,,Ti,0,<,Nb,0,<,Pb,0.001,,Sn,0.0102,,B,0.0016,,Sb,0.0165,,V,0.0029,,Co,0,<,N,0.00224,,Fe,98.257
25-08-2023 23:59,0,2,SHYAM SEL_SMS,SHYAM SEL_SMS,SHYAM SEL_SMS,SHYAM SEL_SMS,BATCH NO./LOT NO.[E-7593              ] SIZE[B                   ] GRADE[02:40AM             ] ,C,0.1746,,Mn,0.6552,,Si,0.2405,,S,0.0207,,P,0.0846,,Al,0.5145,,Cr,0.0062,,Cu,0.0071,,Ni,0.0072,,Mo,0.0191,,Ti,0,<,Nb,0,<,Pb,0.0027,,Sn,0.0114,,B,0.0014,,Sb,0.0136,,V,0.0036,,Co,0,<,N,0.00415,,Fe,98.233
25-08-2023 23:59,0,AV,SHYAM SEL_SMS,SHYAM SEL_SMS,SHYAM SEL_SMS,SHYAM SEL_SMS,BATCH NO./LOT NO.[E-7593              ] SIZE[B                   ] GRADE[02:40AM             ] ,C,0.178,,Mn,0.6606,,Si,0.2452,,S,0.023,,P,0.0866,,Al,0.4909,,Cr,0.0058,,Cu,0.0058,,Ni,0.0063,,Mo,0.0172,,Ti,0,<,Nb,0,<,Pb,0.0019,,Sn,0.0108,,B,0.0015,,Sb,0.015,,V,0.0032,,Co,0,<,N,0.00319,,Fe,98.245
25-08-2023 23:59,0,R,SHYAM SEL_SMS,SHYAM SEL_SMS,SHYAM SEL_SMS,SHYAM SEL_SMS,BATCH NO./LOT NO.[E-7593              ] SIZE[B                   ] GRADE[02:40AM             ] ,C,0.00678,,Mn,0.01077,,Si,0.00944,,S,0.00466,,P,0.004,,Al,0.04736,,Cr,0.00085,,Cu,0.00251,,Ni,0.00169,,Mo,0.00396,,Ti,0,,Nb,0,,Pb,0.00172,,Sn,0.00124,,B,0.00018,,Sb,0.00294,,V,0.00069,,Co,0,,N,0.00191,,Fe,0.02315
25-08-2023 23:59,0,CV,SHYAM SEL_SMS,SHYAM SEL_SMS,SHYAM SEL_SMS,SHYAM SEL_SMS,BATCH NO./LOT NO.[E-7593              ] SIZE[B                   ] GRADE[02:40AM             ] ,C,2.6935,,Mn,1.1527,,Si,2.7229,,S,14.323,,P,3.2655,,Al,6.8226,,Cr,10.37,,Cu,30.631,,Ni,18.84,,Mo,16.327,,Ti,0,,Nb,0,,Pb,64.451,,Sn,8.0767,,B,8.7407,,Sb,13.853,,V,15.142,,Co,0,,N,42.356,,Fe,0.01666
25-08-2023 23:59,0,SD,SHYAM SEL_SMS,SHYAM SEL_SMS,SHYAM SEL_SMS,SHYAM SEL_SMS,BATCH NO./LOT NO.[E-7593              ] SIZE[B                   ] GRADE[02:40AM             ] ,C,0.00479,,Mn,0.00761,,Si,0.00668,,S,0.0033,,P,0.00283,,Al,0.03349,,Cr,0.0006,,Cu,0.00178,,Ni,0.0012,,Mo,0.0028,,Ti,0,,Nb,0,,Pb,0.00121,,Sn,0.00087,,B,0.00013,,Sb,0.00208,,V,0.00049,,Co,0,,N,0.00135,,Fe,0.01637
26-08-2023 00:02,0,1,SHYAM SEL_SMS,SHYAM SEL_SMS,SHYAM SEL_SMS,SHYAM SEL_SMS,BATCH NO./LOT NO.[E-7593              ] SIZE[B                   ] GRADE[02:40AM             ] ,C,0.1677,,Mn,0,<,Si,0.1215,,S,0.0285,,P,0.0705,,Al,1.1073,,Cr,0.0053,,Cu,0,<,Ni,0.0032,,Mo,0,<,Ti,0.0022,,Nb,0,<,Pb,0.0057,,Sn,0.0089,,B,0.0014,,Sb,0.0174,,V,0.0104,,Co,0,<,N,0,<,Fe,98.45
26-08-2023 00:24,0,2,SHYAM SEL_SMS,SHYAM SEL_SMS,SHYAM SEL_SMS,SHYAM SEL_SMS,BATCH NO./LOT NO.[E-7593              ] SIZE[B                   ] GRADE[02:40AM             ] ,C,0.1568,,Mn,0.705,,Si,0.2235,,S,0.0267,,P,0.0905,,Al,0.3889,,Cr,0.006,,Cu,0.0075,,Ni,0.0079,,Mo,0.0161,,Ti,0,<,Nb,0,<,Pb,0.0021,,Sn,0.0109,,B,0.0016,,Sb,0.03,,V,0.003,,Co,0,<,N,0.00299,,Fe,98.321
26-08-2023 00:24,0,AV,SHYAM SEL_SMS,SHYAM SEL_SMS,SHYAM SEL_SMS,SHYAM SEL_SMS,BATCH NO./LOT NO.[E-7593              ] SIZE[B                   ] GRADE[02:40AM             ] ,C,0.1623,,Mn,0.3525,R,Si,0.1725,,S,0.0276,,P,0.0805,,Al,0.7481,,Cr,0.0056,,Cu,0.0038,R,Ni,0.0055,,Mo,0.008,R,Ti,0.0011,R,Nb,0,<,Pb,0.0039,,Sn,0.0099,,B,0.0015,,Sb,0.0237,,V,0.0067,R,Co,0,<,N,0.00149,R,Fe,98.385
26-08-2023 00:24,0,R,SHYAM SEL_SMS,SHYAM SEL_SMS,SHYAM SEL_SMS,SHYAM SEL_SMS,BATCH NO./LOT NO.[E-7593              ] SIZE[B                   ] GRADE[02:40AM             ] ,C,0.01097,,Mn,0.70497,,Si,0.10203,,S,0.00185,,P,0.01996,,Al,0.71842,,Cr,0.00067,,Cu,0.0075,,Ni,0.00463,,Mo,0.01608,,Ti,0.00223,,Nb,0,,Pb,0.00359,,Sn,0.00197,,B,0.00014,,Sb,0.01267,,V,0.0074,,Co,0,,N,0.00299,,Fe,0.12916
26-08-2023 00:24,0,CV,SHYAM SEL_SMS,SHYAM SEL_SMS,SHYAM SEL_SMS,SHYAM SEL_SMS,BATCH NO./LOT NO.[E-7593              ] SIZE[B                   ] GRADE[02:40AM             ] ,C,4.7814,,Mn,141.42,,Si,41.829,,S,4.7292,,P,17.533,,Al,67.908,,Cr,8.3445,,Cu,141.42,,Ni,59.011,,Mo,141.42,,Ti,141.42,,Nb,0,,Pb,64.692,,Sn,14.096,,B,6.7017,,Sb,37.806,,V,78.465,,Co,0,,N,141.42,,Fe,0.09283
26-08-2023 00:24,0,SD,SHYAM SEL_SMS,SHYAM SEL_SMS,SHYAM SEL_SMS,SHYAM SEL_SMS,BATCH NO./LOT NO.[E-7593              ] SIZE[B                   ] GRADE[02:40AM             ] ,C,0.00776,,Mn,0.49849,,Si,0.07215,,S,0.0013,,P,0.01411,,Al,0.508,,Cr,0.00047,,Cu,0.00531,,Ni,0.00327,,Mo,0.01137,,Ti,0.00157,,Nb,0,,Pb,0.00254,,Sn,0.0014,,B,0.0001,,Sb,0.00896,,V,0.00523,,Co,0,,N,0.00211,,Fe,0.09133
26-08-2023 00:24,0,1,SHYAM SEL_SMS,SHYAM SEL_SMS,SHYAM SEL_SMS,SHYAM SEL_SMS,BATCH NO./LOT NO.[E-7593              ] SIZE[B                   ] GRADE[02:40AM             ] ,C,0.1568,,Mn,0.705,,Si,0.2235,,S,0.0267,,P,0.0905,,Al,0.3889,,Cr,0.006,,Cu,0.0075,,Ni,0.0079,,Mo,0.0161,,Ti,0,<,Nb,0,<,Pb,0.0021,,Sn,0.0109,,B,0.0016,,Sb,0.03,,V,0.003,,Co,0,<,N,0.00299,,Fe,98.321
26-08-2023 00:26,0,2,SHYAM SEL_SMS,SHYAM SEL_SMS,SHYAM SEL_SMS,SHYAM SEL_SMS,BATCH NO./LOT NO.[E-7593              ] SIZE[B                   ] GRADE[02:40AM             ] ,C,0.1556,,Mn,0.6514,,Si,0.2203,,S,0.0271,,P,0.0929,,Al,0.3838,,Cr,0.0062,,Cu,0.0077,,Ni,0.0085,,Mo,0.0171,,Ti,0,<,Nb,0,<,Pb,0.0017,,Sn,0.0114,,B,0.0017,,Sb,0.0306,,V,0.0033,,Co,0,<,N,0.00351,,Fe,98.377
26-08-2023 00:26,0,AV,SHYAM SEL_SMS,SHYAM SEL_SMS,SHYAM SEL_SMS,SHYAM SEL_SMS,BATCH NO./LOT NO.[E-7593              ] SIZE[B                   ] GRADE[02:40AM             ] ,C,0.1562,,Mn,0.6782,,Si,0.2219,,S,0.0269,,P,0.0917,,Al,0.3863,,Cr,0.0061,,Cu,0.0076,,Ni,0.0082,,Mo,0.0166,,Ti,0,<,Nb,0,<,Pb,0.0019,,Sn,0.0111,,B,0.0016,,Sb,0.0303,,V,0.0031,,Co,0,<,N,0.00325,,Fe,98.349
26-08-2023 00:26,0,R,SHYAM SEL_SMS,SHYAM SEL_SMS,SHYAM SEL_SMS,SHYAM SEL_SMS,BATCH NO./LOT NO.[E-7593              ] SIZE[B                   ] GRADE[02:40AM             ] ,C,0.00116,,Mn,0.05357,,Si,0.00323,,S,0.00043,,P,0.00242,,Al,0.00508,,Cr,0.00022,,Cu,0.00024,,Ni,0.00066,,Mo,0.00098,,Ti,0,,Nb,0,,Pb,0.00039,,Sn,0.00051,,B,0.00014,,Sb,0.00053,,V,0.00033,,Co,0,,N,0.00052,,Fe,0.05644
26-08-2023 00:26,0,CV,SHYAM SEL_SMS,SHYAM SEL_SMS,SHYAM SEL_SMS,SHYAM SEL_SMS,BATCH NO./LOT NO.[E-7593              ] SIZE[B                   ] GRADE[02:40AM             ] ,C,0.52573,,Mn,5.5851,,Si,1.0294,,S,1.124,,P,1.87,,Al,0.9298,,Cr,2.6,,Cu,2.2217,,Ni,5.7196,,Mo,4.1624,,Ti,0,,Nb,0,,Pb,14.114,,Sn,3.2507,,B,6.0456,,Sb,1.2425,,V,7.4686,,Co,0,,N,11.27,,Fe,0.04058
26-08-2023 00:26,0,SD,SHYAM SEL_SMS,SHYAM SEL_SMS,SHYAM SEL_SMS,SHYAM SEL_SMS,BATCH NO./LOT NO.[E-7593              ] SIZE[B                   ] GRADE[02:40AM             ] ,C,0.00082,,Mn,0.03788,,Si,0.00228,,S,0.0003,,P,0.00171,,Al,0.00359,,Cr,0.00016,,Cu,0.00017,,Ni,0.00047,,Mo,0.00069,,Ti,0,,Nb,0,,Pb,0.00027,,Sn,0.00036,,B,0.0001,,Sb,0.00038,,V,0.00023,,Co,0,,N,0.00037,,Fe,0.03991
26-08-2023 00:33,0,1,SHYAM SEL_SMS,SHYAM SEL_SMS,SHYAM SEL_SMS,SHYAM SEL_SMS,BATCH NO./LOT NO.[E-7593              ] SIZE[B                   ] GRADE[02:40AM             ] ,C,0.1488,,Mn,0.7002,,Si,0.2164,,S,0.0226,,P,0.0862,,Al,0.2922,,Cr,0.0062,,Cu,0.008,,Ni,0.0057,,Mo,0.0295,,Ti,0,<,Nb,0.0006,,Pb,0.0074,,Sn,0.0113,,B,0.0012,,Sb,0.032,,V,0.0039,,Co,0.0028,,N,0.00489,,Fe,98.42
26-08-2023 00:34,0,2,SHYAM SEL_SMS,SHYAM SEL_SMS,SHYAM SEL_SMS,SHYAM SEL_SMS,BATCH NO./LOT NO.[E-7593              ] SIZE[B                   ] GRADE[02:40AM             ] ,C,0.1353,,Mn,0.6886,,Si,0.213,,S,0.0245,,P,0.0854,,Al,0.2987,,Cr,0.0064,,Cu,0.0092,,Ni,0.007,,Mo,0.0308,,Ti,0.0007,,Nb,0.0005,,Pb,0.0072,,Sn,0.0122,,B,0.0014,,Sb,0.0353,,V,0.0039,,Co,0.0049,,N,0.00605,,Fe,98.429
26-08-2023 00:34,0,AV,SHYAM SEL_SMS,SHYAM SEL_SMS,SHYAM SEL_SMS,SHYAM SEL_SMS,BATCH NO./LOT NO.[E-7593              ] SIZE[B                   ] GRADE[02:40AM             ] ,C,0.142,,Mn,0.6944,,Si,0.2147,,S,0.0235,,P,0.0858,,Al,0.2955,,Cr,0.0063,,Cu,0.0086,,Ni,0.0064,,Mo,0.0302,,Ti,0.0003,R,Nb,0.0006,,Pb,0.0073,,Sn,0.0118,,B,0.0013,,Sb,0.0336,,V,0.0039,,Co,0.0038,,N,0.00547,,Fe,98.424
26-08-2023 00:34,0,R,SHYAM SEL_SMS,SHYAM SEL_SMS,SHYAM SEL_SMS,SHYAM SEL_SMS,BATCH NO./LOT NO.[E-7593              ] SIZE[B                   ] GRADE[02:40AM             ] ,C,0.01348,,Mn,0.01154,,Si,0.00346,,S,0.00191,,P,0.00081,,Al,0.0065,,Cr,0.00027,,Cu,0.00115,,Ni,0.00128,,Mo,0.00131,,Ti,0.00066,,Nb,0.00004,,Pb,0.00022,,Sn,0.0009,,B,0.00023,,Sb,0.00331,,V,0.00008,,Co,0.00205,,N,0.00116,,Fe,0.00889
26-08-2023 00:34,0,CV,SHYAM SEL_SMS,SHYAM SEL_SMS,SHYAM SEL_SMS,SHYAM SEL_SMS,BATCH NO./LOT NO.[E-7593              ] SIZE[B                   ] GRADE[02:40AM             ] ,C,6.7116,,Mn,1.1753,,Si,1.1382,,S,5.7394,,P,0.66818,,Al,1.555,,Cr,3.0774,,Cu,9.4384,,Ni,14.214,,Mo,3.0632,,Ti,141.42,,Nb,4.5086,,Pb,2.1039,,Sn,5.4339,,B,12.726,,Sb,6.9508,,V,1.3727,,Co,37.654,,N,15.042,,Fe,0.00638
26-08-2023 00:34,0,SD,SHYAM SEL_SMS,SHYAM SEL_SMS,SHYAM SEL_SMS,SHYAM SEL_SMS,BATCH NO./LOT NO.[E-7593              ] SIZE[B                   ] GRADE[02:40AM             ] ,C,0.00953,,Mn,0.00816,,Si,0.00244,,S,0.00135,,P,0.00057,,Al,0.00459,,Cr,0.00019,,Cu,0.00081,,Ni,0.0009,,Mo,0.00092,,Ti,0.00047,,Nb,0.00002,,Pb,0.00015,,Sn,0.00064,,B,0.00016,,Sb,0.00234,,V,0.00005,,Co,0.00145,,N,0.00082,,Fe,0.00628
26-08-2023 00:45,0,1,SHYAM SEL_SMS,SHYAM SEL_SMS,SHYAM SEL_SMS,SHYAM SEL_SMS,BATCH NO./LOT NO.[E-7593              ] SIZE[B                   ] GRADE[02:40AM             ] ,C,0.1218,,Mn,0,<,Si,0.0495,,S,0.0192,,P,0.0812,,Al,0.3558,,Cr,0.0078,,Cu,0.006,,Ni,0.0052,,Mo,0.0046,,Ti,0,<,Nb,0.0037,,Pb,0.0084,,Sn,0.0115,,B,0.001,,Sb,0.0331,,V,0.0124,,Co,0.0005,,N,0.00436,,Fe,99.274
26-08-2023 00:46,0,2,SHYAM SEL_SMS,SHYAM SEL_SMS,SHYAM SEL_SMS,SHYAM SEL_SMS,BATCH NO./LOT NO.[E-7593              ] SIZE[B                   ] GRADE[02:40AM             ] ,C,0.116,,Mn,0,<,Si,0.0507,,S,0.0189,,P,0.0813,,Al,0.3522,,Cr,0.0078,,Cu,0.0063,,Ni,0.0057,,Mo,0.0044,,Ti,0,<,Nb,0.0032,,Pb,0.0084,,Sn,0.0117,,B,0.001,,Sb,0.0331,,V,0.0123,,Co,0.0016,,N,0.00496,,Fe,99.28
26-08-2023 00:46,0,AV,SHYAM SEL_SMS,SHYAM SEL_SMS,SHYAM SEL_SMS,SHYAM SEL_SMS,BATCH NO./LOT NO.[E-7593              ] SIZE[B                   ] GRADE[02:40AM             ] ,C,0.1189,,Mn,0,<,Si,0.0501,,S,0.019,,P,0.0813,,Al,0.354,,Cr,0.0078,,Cu,0.0062,,Ni,0.0054,,Mo,0.0045,,Ti,0,<,Nb,0.0035,,Pb,0.0084,,Sn,0.0116,,B,0.001,,Sb,0.0331,,V,0.0124,,Co,0.0011,R,N,0.00466,,Fe,99.277
26-08-2023 00:46,0,R,SHYAM SEL_SMS,SHYAM SEL_SMS,SHYAM SEL_SMS,SHYAM SEL_SMS,BATCH NO./LOT NO.[E-7593              ] SIZE[B                   ] GRADE[02:40AM             ] ,C,0.00579,,Mn,0,,Si,0.00114,,S,0.0002,,P,0.00008,,Al,0.0036,,Cr,0.00002,,Cu,0.00032,,Ni,0.00049,,Mo,0.00023,,Ti,0,,Nb,0.00053,,Pb,0.00004,,Sn,0.0002,,B,0,,Sb,0.00001,,V,0.00014,,Co,0.00112,,N,0.00059,,Fe,0.00649
26-08-2023 00:46,0,CV,SHYAM SEL_SMS,SHYAM SEL_SMS,SHYAM SEL_SMS,SHYAM SEL_SMS,BATCH NO./LOT NO.[E-7593              ] SIZE[B                   ] GRADE[02:40AM             ] ,C,3.4417,,Mn,0,,Si,1.6115,,S,0.75947,,P,0.07214,,Al,0.71986,,Cr,0.20651,,Cu,3.687,,Ni,6.3268,,Mo,3.5714,,Ti,0,,Nb,10.816,,Pb,0.2998,,Sn,1.2178,,B,0.01983,,Sb,0.01366,,V,0.8017,,Co,73.12,,N,9.0201,,Fe,0.00463
26-08-2023 00:46,0,SD,SHYAM SEL_SMS,SHYAM SEL_SMS,SHYAM SEL_SMS,SHYAM SEL_SMS,BATCH NO./LOT NO.[E-7593              ] SIZE[B                   ] GRADE[02:40AM             ] ,C,0.00409,,Mn,0,,Si,0.00081,,S,0.00014,,P,0.00006,,Al,0.00255,,Cr,0.00002,,Cu,0.00023,,Ni,0.00034,,Mo,0.00016,,Ti,0,,Nb,0.00037,,Pb,0.00003,,Sn,0.00014,,B,0,,Sb,0,,V,0.0001,,Co,0.00079,,N,0.00042,,Fe,0.00459
26-08-2023 01:11,0,1,SHYAM SEL_SMS,SHYAM SEL_SMS,SHYAM SEL_SMS,SHYAM SEL_SMS,BATCH NO./LOT NO.[E-7593              ] SIZE[B                   ] GRADE[02:40AM             ] ,C,0.1384,,Mn,0,<,Si,0.0702,,S,0.0223,,P,0.0742,,Al,0.2518,,Cr,0.0074,,Cu,0.0067,,Ni,0.0064,,Mo,0.0003,,Ti,0,<,Nb,0.0001,,Pb,0.0053,,Sn,0.0122,,B,0.0012,,Sb,0.0258,,V,0.0115,,Co,0,<,N,0.005,,Fe,99.361
26-08-2023 01:12,0,2,SHYAM SEL_SMS,SHYAM SEL_SMS,SHYAM SEL_SMS,SHYAM SEL_SMS,BATCH NO./LOT NO.[E-7593              ] SIZE[B                   ] GRADE[02:40AM             ] ,C,0.1343,,Mn,0,<,Si,0.0571,,S,0.0222,,P,0.0765,,Al,0.3176,,Cr,0.0077,,Cu,0.0072,,Ni,0.0067,,Mo,0.0024,,Ti,0,<,Nb,0.0013,,Pb,0.0067,,Sn,0.0128,,B,0.0012,,Sb,0.031,,V,0.0119,,Co,0,<,N,0.00512,,Fe,99.298
26-08-2023 01:12,0,AV,SHYAM SEL_SMS,SHYAM SEL_SMS,SHYAM SEL_SMS,SHYAM SEL_SMS,BATCH NO./LOT NO.[E-7593              ] SIZE[B                   ] GRADE[02:40AM             ] ,C,0.1363,,Mn,0,<,Si,0.0637,,S,0.0222,,P,0.0753,,Al,0.2847,,Cr,0.0076,,Cu,0.007,,Ni,0.0066,,Mo,0.0014,R,Ti,0,<,Nb,0.0007,R,Pb,0.006,,Sn,0.0125,,B,0.0012,,Sb,0.0284,,V,0.0117,,Co,0,<,N,0.00506,,Fe,99.33
26-08-2023 01:12,0,R,SHYAM SEL_SMS,SHYAM SEL_SMS,SHYAM SEL_SMS,SHYAM SEL_SMS,BATCH NO./LOT NO.[E-7593              ] SIZE[B                   ] GRADE[02:40AM             ] ,C,0.00405,,Mn,0,,Si,0.01307,,S,0.0001,,P,0.00227,,Al,0.06584,,Cr,0.00028,,Cu,0.00059,,Ni,0.00029,,Mo,0.00206,,Ti,0,,Nb,0.00118,,Pb,0.00147,,Sn,0.00062,,B,0.00001,,Sb,0.00519,,V,0.00033,,Co,0,,N,0.00012,,Fe,0.06304
26-08-2023 01:12,0,CV,SHYAM SEL_SMS,SHYAM SEL_SMS,SHYAM SEL_SMS,SHYAM SEL_SMS,BATCH NO./LOT NO.[E-7593              ] SIZE[B                   ] GRADE[02:40AM             ] ,C,2.1004,,Mn,0,,Si,14.511,,S,0.3289,,P,2.1322,,Al,16.352,,Cr,2.6339,,Cu,6.0368,,Ni,3.1306,,Mo,107.95,,Ti,0,,Nb,117.83,,Pb,17.348,,Sn,3.4874,,B,0.46578,,Sb,12.929,,V,2.0007,,Co,0,,N,1.6874,,Fe,0.04487
26-08-2023 01:12,0,SD,SHYAM SEL_SMS,SHYAM SEL_SMS,SHYAM SEL_SMS,SHYAM SEL_SMS,BATCH NO./LOT NO.[E-7593              ] SIZE[B                   ] GRADE[02:40AM             ] ,C,0.00286,,Mn,0,,Si,0.00924,,S,0.00007,,P,0.00161,,Al,0.04656,,Cr,0.0002,,Cu,0.00042,,Ni,0.00021,,Mo,0.00146,,Ti,0,,Nb,0.00083,,Pb,0.00104,,Sn,0.00044,,B,0.00001,,Sb,0.00367,,V,0.00023,,Co,0,,N,0.00009,,Fe,0.04457
26-08-2023 01:19,0,1,SHYAM SEL_SMS,SHYAM SEL_SMS,SHYAM SEL_SMS,SHYAM SEL_SMS,BATCH NO./LOT NO.[E-7593              ] SIZE[B                   ] GRADE[02:40AM             ] ,C,0.1748,,Mn,0.6288,,Si,0.1836,,S,0.0201,,P,0.0811,,Al,0.4633,,Cr,0.006,,Cu,0.0066,,Ni,0.0069,,Mo,0.0265,,Ti,0,<,Nb,0,<,Pb,0.0049,,Sn,0.0124,,B,0.0013,,Sb,0.0372,,V,0.0037,,Co,0.0001,,N,0.0055,,Fe,98.337
26-08-2023 01:31,0,2,SHYAM SEL_SMS,SHYAM SEL_SMS,SHYAM SEL_SMS,SHYAM SEL_SMS,BATCH NO./LOT NO.[E-7593              ] SIZE[B                   ] GRADE[02:40AM             ] ,C,0.1391,,Mn,0.0191,,Si,0.0535,,S,0.019,,P,0.0799,,Al,0.3566,,Cr,0.0073,,Cu,0.007,,Ni,0.0052,,Mo,0.0008,,Ti,0,<,Nb,0.0027,,Pb,0.0073,,Sn,0.0114,,B,0.0009,,Sb,0.0323,,V,0.011,,Co,0,<,N,0.00409,,Fe,99.243
26-08-2023 01:31,0,AV,SHYAM SEL_SMS,SHYAM SEL_SMS,SHYAM SEL_SMS,SHYAM SEL_SMS,BATCH NO./LOT NO.[E-7593              ] SIZE[B                   ] GRADE[02:40AM             ] ,C,0.1569,,Mn,0.324,R,Si,0.1185,R,S,0.0195,,P,0.0805,,Al,0.41,,Cr,0.0066,,Cu,0.0068,,Ni,0.006,,Mo,0.0136,R,Ti,0,<,Nb,0.0013,R,Pb,0.0061,,Sn,0.0119,,B,0.0011,,Sb,0.0347,,V,0.0073,,Co,0.0001,R,N,0.00479,,Fe,98.79
26-08-2023 01:31,0,R,SHYAM SEL_SMS,SHYAM SEL_SMS,SHYAM SEL_SMS,SHYAM SEL_SMS,BATCH NO./LOT NO.[E-7593              ] SIZE[B                   ] GRADE[02:40AM             ] ,C,0.03568,,Mn,0.60976,,Si,0.1301,,S,0.00108,,P,0.00123,,Al,0.10672,,Cr,0.00132,,Cu,0.00049,,Ni,0.00167,,Mo,0.02571,,Ti,0,,Nb,0.00268,,Pb,0.00234,,Sn,0.00101,,B,0.00047,,Sb,0.00492,,V,0.00728,,Co,0.00012,,N,0.00141,,Fe,0.90575
26-08-2023 01:31,0,CV,SHYAM SEL_SMS,SHYAM SEL_SMS,SHYAM SEL_SMS,SHYAM SEL_SMS,BATCH NO./LOT NO.[E-7593              ] SIZE[B                   ] GRADE[02:40AM             ] ,C,16.076,,Mn,133.1,,Si,77.625,,S,3.9012,,P,1.0764,,Al,18.407,,Cr,14.071,,Cu,5.1086,,Ni,19.607,,Mo,133.22,,Ti,0,,Nb,141.42,,Pb,27.199,,Sn,6.0072,,B,30.574,,Sb,10.016,,V,70.275,,Co,141.42,,N,20.799,,Fe,0.64831
26-08-2023 01:31,0,SD,SHYAM SEL_SMS,SHYAM SEL_SMS,SHYAM SEL_SMS,SHYAM SEL_SMS,BATCH NO./LOT NO.[E-7593              ] SIZE[B                   ] GRADE[02:40AM             ] ,C,0.02523,,Mn,0.43116,,Si,0.09199,,S,0.00076,,P,0.00087,,Al,0.07546,,Cr,0.00093,,Cu,0.00035,,Ni,0.00118,,Mo,0.01818,,Ti,0,,Nb,0.0019,,Pb,0.00166,,Sn,0.00072,,B,0.00034,,Sb,0.00348,,V,0.00515,,Co,0.00008,,N,0.001,,Fe,0.64046
26-08-2023 01:41,0,1,SHYAM SEL_SMS,SHYAM SEL_SMS,SHYAM SEL_SMS,SHYAM SEL_SMS,BATCH NO./LOT NO.[E-7593              ] SIZE[B                   ] GRADE[02:40AM             ] ,C,0.1721,,Mn,0.5629,,Si,0.1731,,S,0.0229,,P,0.0815,,Al,0.3947,,Cr,0.0069,,Cu,0.0079,,Ni,0.0069,,Mo,0.0261,,Ti,0,<,Nb,0.0004,,Pb,0.0056,,Sn,0.0123,,B,0.0013,,Sb,0.0356,,V,0.0051,,Co,0.0022,,N,0.00564,,Fe,98.477
26-08-2023 01:41,0,2,SHYAM SEL_SMS,SHYAM SEL_SMS,SHYAM SEL_SMS,SHYAM SEL_SMS,BATCH NO./LOT NO.[E-7593              ] SIZE[B                   ] GRADE[02:40AM             ] ,C,0.1729,,Mn,0.5354,,Si,0.1618,,S,0.0202,,P,0.0726,,Al,0.3149,,Cr,0.0068,,Cu,0.0078,,Ni,0.0072,,Mo,0.0252,,Ti,0,<,Nb,0,<,Pb,0.0053,,Sn,0.0123,,B,0.0012,,Sb,0.0371,,V,0.0051,,Co,0.0022,,N,0.00578,,Fe,98.606
26-08-2023 01:41,0,AV,SHYAM SEL_SMS,SHYAM SEL_SMS,SHYAM SEL_SMS,SHYAM SEL_SMS,BATCH NO./LOT NO.[E-7593              ] SIZE[B                   ] GRADE[02:40AM             ] ,C,0.1725,,Mn,0.5492,,Si,0.1675,,S,0.0216,,P,0.077,,Al,0.3548,,Cr,0.0069,,Cu,0.0079,,Ni,0.007,,Mo,0.0257,,Ti,0,<,Nb,0.0002,R,Pb,0.0054,,Sn,0.0123,,B,0.0012,,Sb,0.0364,,V,0.0051,,Co,0.0022,,N,0.00571,,Fe,98.542
26-08-2023 01:41,0,R,SHYAM SEL_SMS,SHYAM SEL_SMS,SHYAM SEL_SMS,SHYAM SEL_SMS,BATCH NO./LOT NO.[E-7593              ] SIZE[B                   ] GRADE[02:40AM             ] ,C,0.00088,,Mn,0.02751,,Si,0.01127,,S,0.00268,,P,0.00885,,Al,0.07983,,Cr,0.00006,,Cu,0.00011,,Ni,0.00031,,Mo,0.00088,,Ti,0,,Nb,0.0004,,Pb,0.00032,,Sn,0.00004,,B,0.00018,,Sb,0.00142,,V,0.00001,,Co,0.00002,,N,0.00013,,Fe,0.12937
26-08-2023 01:41,0,CV,SHYAM SEL_SMS,SHYAM SEL_SMS,SHYAM SEL_SMS,SHYAM SEL_SMS,BATCH NO./LOT NO.[E-7593              ] SIZE[B                   ] GRADE[02:40AM             ] ,C,0.35986,,Mn,3.5417,,Si,4.7568,,S,8.7827,,P,8.1222,,Al,15.911,,Cr,0.66469,,Cu,0.96355,,Ni,3.1216,,Mo,2.424,,Ti,0,,Nb,141.42,,Pb,4.1472,,Sn,0.22611,,B,10.052,,Sb,2.7571,,V,0.15754,,Co,0.75966,,N,1.6478,,Fe,0.09283
26-08-2023 01:41,0,SD,SHYAM SEL_SMS,SHYAM SEL_SMS,SHYAM SEL_SMS,SHYAM SEL_SMS,BATCH NO./LOT NO.[E-7593              ] SIZE[B                   ] GRADE[02:40AM             ] ,C,0.00062,,Mn,0.01945,,Si,0.00797,,S,0.0019,,P,0.00626,,Al,0.05645,,Cr,0.00005,,Cu,0.00008,,Ni,0.00022,,Mo,0.00062,,Ti,0,,Nb,0.00028,,Pb,0.00022,,Sn,0.00003,,B,0.00013,,Sb,0.001,,V,0.00001,,Co,0.00002,,N,0.00009,,Fe,0.09148
26-08-2023 01:43,0,1,SHYAM SEL_SMS,SHYAM SEL_SMS,SHYAM SEL_SMS,SHYAM SEL_SMS,BATCH NO./LOT NO.[E-7593              ] SIZE[B                   ] GRADE[02:40AM             ] ,C,0.1156,,Mn,0,<,Si,0.0545,,S,0.0182,,P,0.0793,,Al,1.1575,,Cr,0.008,,Cu,0.0075,,Ni,0.0077,,Mo,0.004,,Ti,0,<,Nb,0.0025,,Pb,0.0076,,Sn,0.0139,,B,0.0014,,Sb,0.039,,V,0.0121,,Co,0.0011,,N,0.00576,,Fe,98.464
26-08-2023 01:43,0,2,SHYAM SEL_SMS,SHYAM SEL_SMS,SHYAM SEL_SMS,SHYAM SEL_SMS,BATCH NO./LOT NO.[E-7593              ] SIZE[B                   ] GRADE[02:40AM             ] ,C,0.149,,Mn,0,<,Si,0.0505,,S,0.018,,P,0.0811,,Al,0.3163,,Cr,0.0078,,Cu,0.0069,,Ni,0.0084,,Mo,0.0021,,Ti,0,<,Nb,0.0008,,Pb,0.006,,Sn,0.0128,,B,0.0011,,Sb,0.0396,,V,0.0115,,Co,0,<,N,0.0055,,Fe,99.283
26-08-2023 01:43,0,AV,SHYAM SEL_SMS,SHYAM SEL_SMS,SHYAM SEL_SMS,SHYAM SEL_SMS,BATCH NO./LOT NO.[E-7593              ] SIZE[B                   ] GRADE[02:40AM             ] ,C,0.1323,,Mn,0,<,Si,0.0525,,S,0.0181,,P,0.0802,,Al,0.7369,R,Cr,0.0079,,Cu,0.0072,,Ni,0.0081,,Mo,0.003,,Ti,0,<,Nb,0.0017,R,Pb,0.0068,,Sn,0.0133,,B,0.0013,,Sb,0.0393,,V,0.0118,,Co,0.0006,R,N,0.00563,,Fe,98.873
26-08-2023 01:43,0,R,SHYAM SEL_SMS,SHYAM SEL_SMS,SHYAM SEL_SMS,SHYAM SEL_SMS,BATCH NO./LOT NO.[E-7593              ] SIZE[B                   ] GRADE[02:40AM             ] ,C,0.03345,,Mn,0,,Si,0.00394,,S,0.00017,,P,0.00178,,Al,0.84123,,Cr,0.00023,,Cu,0.00062,,Ni,0.00066,,Mo,0.00191,,Ti,0,,Nb,0.00166,,Pb,0.00157,,Sn,0.00105,,B,0.00021,,Sb,0.00058,,V,0.00059,,Co,0.00115,,N,0.00026,,Fe,0.81813
26-08-2023 01:43,0,CV,SHYAM SEL_SMS,SHYAM SEL_SMS,SHYAM SEL_SMS,SHYAM SEL_SMS,BATCH NO./LOT NO.[E-7593              ] SIZE[B                   ] GRADE[02:40AM             ] ,C,17.88,,Mn,0,,Si,5.3125,,S,0.66757,,P,1.5683,,Al,80.725,,Cr,2.0302,,Cu,6.0993,,Ni,5.781,,Mo,44.533,,Ti,0,,Nb,70.86,,Pb,16.297,,Sn,5.5651,,B,11.795,,Sb,1.043,,V,3.5358,,Co,141.42,,N,3.3037,,Fe,0.5851
26-08-2023 01:43,0,SD,SHYAM SEL_SMS,SHYAM SEL_SMS,SHYAM SEL_SMS,SHYAM SEL_SMS,BATCH NO./LOT NO.[E-7593              ] SIZE[B                   ] GRADE[02:40AM             ] ,C,0.02366,,Mn,0,,Si,0.00279,,S,0.00012,,P,0.00126,,Al,0.59484,,Cr,0.00016,,Cu,0.00044,,Ni,0.00047,,Mo,0.00135,,Ti,0,,Nb,0.00117,,Pb,0.00111,,Sn,0.00074,,B,0.00015,,Sb,0.00041,,V,0.00042,,Co,0.00081,,N,0.00019,,Fe,0.57851
26-08-2023 02:01,0,1,SHYAM SEL_SMS,SHYAM SEL_SMS,SHYAM SEL_SMS,SHYAM SEL_SMS,BATCH NO./LOT NO.[E-7593              ] SIZE[B                   ] GRADE[02:40AM             ] ,C,0.1975,,Mn,0.5595,,Si,0.1724,,S,0.0206,,P,0.0867,,Al,0.3908,,Cr,0.0068,,Cu,0.0073,,Ni,0.0056,,Mo,0.0255,,Ti,0,<,Nb,0.0003,,Pb,0.0061,,Sn,0.0115,,B,0.0012,,Sb,0.0333,,V,0.0054,,Co,0.0008,,N,0.0046,,Fe,98.464
26-08-2023 02:27,0,2,SHYAM SEL_SMS,SHYAM SEL_SMS,SHYAM SEL_SMS,SHYAM SEL_SMS,BATCH NO./LOT NO.[E-7593              ] SIZE[B                   ] GRADE[02:40AM             ] ,C,0.1425,,Mn,0.0172,,Si,0.0555,,S,0.0233,,P,0.0903,,Al,0.5996,,Cr,0.0069,,Cu,0.0076,,Ni,0.0066,,Mo,0,,Ti,0,<,Nb,0.0019,,Pb,0.0062,,Sn,0.0131,,B,0.0012,,Sb,0.0377,,V,0.0105,,Co,0.0008,,N,0.00539,,Fe,98.974
26-08-2023 02:27,0,AV,SHYAM SEL_SMS,SHYAM SEL_SMS,SHYAM SEL_SMS,SHYAM SEL_SMS,BATCH NO./LOT NO.[E-7593              ] SIZE[B                   ] GRADE[02:40AM             ] ,C,0.17,,Mn,0.2883,R,Si,0.114,R,S,0.0219,,P,0.0885,,Al,0.4952,,Cr,0.0068,,Cu,0.0075,,Ni,0.0061,,Mo,0.0128,R,Ti,0,<,Nb,0.0011,R,Pb,0.0061,,Sn,0.0123,,B,0.0012,,Sb,0.0355,,V,0.008,,Co,0.0008,,N,0.00499,,Fe,98.719
26-08-2023 02:27,0,R,SHYAM SEL_SMS,SHYAM SEL_SMS,SHYAM SEL_SMS,SHYAM SEL_SMS,BATCH NO./LOT NO.[E-7593              ] SIZE[B                   ] GRADE[02:40AM             ] ,C,0.05503,,Mn,0.54227,,Si,0.11687,,S,0.00269,,P,0.00356,,Al,0.20883,,Cr,0.00006,,Cu,0.00032,,Ni,0.00098,,Mo,0.02547,,Ti,0,,Nb,0.00161,,Pb,0.0001,,Sn,0.0016,,B,0.00003,,Sb,0.00434,,V,0.00512,,Co,0.00008,,N,0.00078,,Fe,0.5097
26-08-2023 02:27,0,CV,SHYAM SEL_SMS,SHYAM SEL_SMS,SHYAM SEL_SMS,SHYAM SEL_SMS,BATCH NO./LOT NO.[E-7593              ] SIZE[B                   ] GRADE[02:40AM             ] ,C,22.887,,Mn,132.99,,Si,72.522,,S,8.686,,P,2.848,,Al,29.818,,Cr,0.59584,,Cu,3.0342,,Ni,11.429,,Mo,140.93,,Ti,0,,Nb,107.62,,Pb,1.1723,,Sn,9.1616,,B,1.9031,,Sb,8.6432,,V,45.413,,Co,7.4401,,N,11.074,,Fe,0.36509
26-08-2023 02:27,0,SD,SHYAM SEL_SMS,SHYAM SEL_SMS,SHYAM SEL_SMS,SHYAM SEL_SMS,BATCH NO./LOT NO.[E-7593              ] SIZE[B                   ] GRADE[02:40AM             ] ,C,0.03891,,Mn,0.38344,,Si,0.08264,,S,0.0019,,P,0.00252,,Al,0.14766,,Cr,0.00004,,Cu,0.00023,,Ni,0.00069,,Mo,0.01801,,Ti,0,,Nb,0.00114,,Pb,0.00007,,Sn,0.00113,,B,0.00002,,Sb,0.00307,,V,0.00362,,Co,0.00006,,N,0.00055,,Fe,0.36041
26-08-2023 02:31,0,1,SHYAM SEL_SMS,SHYAM SEL_SMS,SHYAM SEL_SMS,SHYAM SEL_SMS,BATCH NO./LOT NO.[E-7593              ] SIZE[B                   ] GRADE[02:40AM             ] ,C,0.1821,,Mn,0.7264,,Si,0.2273,,S,0.0198,,P,0.0891,,Al,0.4846,,Cr,0.0065,,Cu,0.0069,,Ni,0.0077,,Mo,0.0285,,Ti,0,<,Nb,0,<,Pb,0.0054,,Sn,0.0118,,B,0.0013,,Sb,0.0351,,V,0.0031,,Co,0.0015,,N,0.00552,,Fe,98.157
26-08-2023 02:48,0,2,SHYAM SEL_SMS,SHYAM SEL_SMS,SHYAM SEL_SMS,SHYAM SEL_SMS,BATCH NO./LOT NO.[E-7593              ] SIZE[B                   ] GRADE[02:40AM             ] ,C,0.1967,,Mn,0.6696,,Si,0.1962,,S,0.0222,,P,0.0848,,Al,0.2647,,Cr,0.0058,,Cu,0.0072,,Ni,0.0073,,Mo,0.0257,,Ti,0,<,Nb,0,<,Pb,0.0032,,Sn,0.0126,,B,0.0012,,Sb,0.0369,,V,0.0032,,Co,0,<,N,0.00584,,Fe,98.457
26-08-2023 02:48,0,AV,SHYAM SEL_SMS,SHYAM SEL_SMS,SHYAM SEL_SMS,SHYAM SEL_SMS,BATCH NO./LOT NO.[E-7593              ] SIZE[B                   ] GRADE[02:40AM             ] ,C,0.1894,,Mn,0.698,,Si,0.2118,,S,0.021,,P,0.0869,,Al,0.3747,,Cr,0.0062,,Cu,0.007,,Ni,0.0075,,Mo,0.0271,,Ti,0,<,Nb,0,<,Pb,0.0043,,Sn,0.0122,,B,0.0013,,Sb,0.036,,V,0.0031,,Co,0.0008,R,N,0.00568,,Fe,98.307
26-08-2023 02:48,0,R,SHYAM SEL_SMS,SHYAM SEL_SMS,SHYAM SEL_SMS,SHYAM SEL_SMS,BATCH NO./LOT NO.[E-7593              ] SIZE[B                   ] GRADE[02:40AM             ] ,C,0.01461,,Mn,0.05676,,Si,0.03113,,S,0.00237,,P,0.00426,,Al,0.21989,,Cr,0.00068,,Cu,0.00022,,Ni,0.00036,,Mo,0.00278,,Ti,0,,Nb,0,,Pb,0.00218,,Sn,0.00079,,B,0.00006,,Sb,0.00178,,V,0.00001,,Co,0.00155,,N,0.00032,,Fe,0.29954
26-08-2023 02:48,0,CV,SHYAM SEL_SMS,SHYAM SEL_SMS,SHYAM SEL_SMS,SHYAM SEL_SMS,BATCH NO./LOT NO.[E-7593              ] SIZE[B                   ] GRADE[02:40AM             ] ,C,5.4541,,Mn,5.7503,,Si,10.394,,S,7.9584,,P,3.4607,,Al,41.498,,Cr,7.8202,,Cu,2.2334,,Ni,3.3902,,Mo,7.2608,,Ti,0,,Nb,0,,Pb,35.914,,Sn,4.5811,,B,3.0889,,Sb,3.4918,,V,0.3099,,Co,141.42,,N,4.0212,,Fe,0.21546
26-08-2023 02:48,0,SD,SHYAM SEL_SMS,SHYAM SEL_SMS,SHYAM SEL_SMS,SHYAM SEL_SMS,BATCH NO./LOT NO.[E-7593              ] SIZE[B                   ] GRADE[02:40AM             ] ,C,0.01033,,Mn,0.04014,,Si,0.02201,,S,0.00167,,P,0.00301,,Al,0.15548,,Cr,0.00048,,Cu,0.00016,,Ni,0.00026,,Mo,0.00197,,Ti,0,,Nb,0,,Pb,0.00154,,Sn,0.00056,,B,0.00004,,Sb,0.00126,,V,0.00001,,Co,0.00109,,N,0.00023,,Fe,0.21181
26-08-2023 03:23,0,1,SHYAM SEL_SMS,SHYAM SEL_SMS,SHYAM SEL_SMS,SHYAM SEL_SMS,BATCH NO./LOT NO.[E-7593              ] SIZE[B                   ] GRADE[02:40AM             ] ,C,0.2043,,Mn,0.6779,,Si,0.2054,,S,0.0236,,P,0.0877,,Al,0.3445,,Cr,0.0076,,Cu,0.0182,,Ni,0.0074,,Mo,0.0276,,Ti,0.0003,,Nb,0.0003,,Pb,0.0059,,Sn,0.0114,,B,0.0012,,Sb,0.0314,,V,0.0044,,Co,0.0016,,N,0.00458,,Fe,98.335
26-08-2023 03:45,0,2,SHYAM SEL_SMS,SHYAM SEL_SMS,SHYAM SEL_SMS,SHYAM SEL_SMS,BATCH NO./LOT NO.[E-7593              ] SIZE[B                   ] GRADE[02:40AM             ] ,C,0.1297,,Mn,0.6949,,Si,0.2016,,S,0.0235,,P,0.086,,Al,0.5261,,Cr,0.0061,,Cu,0.009,,Ni,0.0066,,Mo,0.0278,,Ti,0,<,Nb,0.0003,,Pb,0.0059,,Sn,0.0121,,B,0.0012,,Sb,0.0358,,V,0.0038,,Co,0.0035,,N,0.00553,,Fe,98.22
26-08-2023 03:45,0,AV,SHYAM SEL_SMS,SHYAM SEL_SMS,SHYAM SEL_SMS,SHYAM SEL_SMS,BATCH NO./LOT NO.[E-7593              ] SIZE[B                   ] GRADE[02:40AM             ] ,C,0.167,,Mn,0.6864,,Si,0.2035,,S,0.0235,,P,0.0869,,Al,0.4353,,Cr,0.0068,,Cu,0.0136,,Ni,0.007,,Mo,0.0277,,Ti,0.0001,R,Nb,0.0003,,Pb,0.0059,,Sn,0.0117,,B,0.0012,,Sb,0.0336,,V,0.0041,,Co,0.0025,,N,0.00506,,Fe,98.278
26-08-2023 03:45,0,R,SHYAM SEL_SMS,SHYAM SEL_SMS,SHYAM SEL_SMS,SHYAM SEL_SMS,BATCH NO./LOT NO.[E-7593              ] SIZE[B                   ] GRADE[02:40AM             ] ,C,0.07456,,Mn,0.01702,,Si,0.00375,,S,0.0001,,P,0.00166,,Al,0.18168,,Cr,0.00142,,Cu,0.00928,,Ni,0.0008,,Mo,0.00025,,Ti,0.00027,,Nb,0.00008,,Pb,0.00005,,Sn,0.00076,,B,0.00002,,Sb,0.00437,,V,0.00055,,Co,0.00189,,N,0.00095,,Fe,0.11469
26-08-2023 03:45,0,CV,SHYAM SEL_SMS,SHYAM SEL_SMS,SHYAM SEL_SMS,SHYAM SEL_SMS,BATCH NO./LOT NO.[E-7593              ] SIZE[B                   ] GRADE[02:40AM             ] ,C,31.566,,Mn,1.7534,,Si,1.3027,,S,0.28651,,P,1.3555,,Al,29.513,,Cr,14.714,,Cu,48.267,,Ni,8.062,,Mo,0.63196,,Ti,141.42,,Nb,18.422,,Pb,0.65686,,Sn,4.5989,,B,0.93574,,Sb,9.1905,,V,9.5225,,Co,52.539,,N,13.28,,Fe,0.08252
26-08-2023 03:45,0,SD,SHYAM SEL_SMS,SHYAM SEL_SMS,SHYAM SEL_SMS,SHYAM SEL_SMS,BATCH NO./LOT NO.[E-7593              ] SIZE[B                   ] GRADE[02:40AM             ] ,C,0.05272,,Mn,0.01203,,Si,0.00265,,S,0.00007,,P,0.00118,,Al,0.12847,,Cr,0.00101,,Cu,0.00656,,Ni,0.00056,,Mo,0.00017,,Ti,0.00019,,Nb,0.00005,,Pb,0.00004,,Sn,0.00054,,B,0.00001,,Sb,0.00309,,V,0.00039,,Co,0.00133,,N,0.00067,,Fe,0.08109
26-08-2023 04:16,0,1,SHYAM SEL_SMS,SHYAM SEL_SMS,SHYAM SEL_SMS,SHYAM SEL_SMS,BATCH NO./LOT NO.[E-7593              ] SIZE[B                   ] GRADE[02:40AM             ] ,C,0.225,,Mn,0,<,Si,0.0579,,S,0.0218,,P,0.0895,,Al,0.2611,,Cr,0.0075,,Cu,0.0061,,Ni,0.0058,,Mo,0.002,,Ti,0,<,Nb,0.0013,,Pb,0.0057,,Sn,0.0115,,B,0.0011,,Sb,0.034,,V,0.0117,,Co,0,<,N,0.0043,,Fe,99.254
26-08-2023 04:17,0,2,SHYAM SEL_SMS,SHYAM SEL_SMS,SHYAM SEL_SMS,SHYAM SEL_SMS,BATCH NO./LOT NO.[E-7593              ] SIZE[B                   ] GRADE[02:40AM             ] ,C,0.2198,,Mn,0,<,Si,0.0568,,S,0.0215,,P,0.0891,,Al,0.2303,,Cr,0.0073,,Cu,0.0068,,Ni,0.007,,Mo,0.0006,,Ti,0,<,Nb,0.0006,,Pb,0.0052,,Sn,0.0126,,B,0.0012,,Sb,0.0369,,V,0.0115,,Co,0,<,N,0.00499,,Fe,99.288
26-08-2023 04:17,0,AV,SHYAM SEL_SMS,SHYAM SEL_SMS,SHYAM SEL_SMS,SHYAM SEL_SMS,BATCH NO./LOT NO.[E-7593              ] SIZE[B                   ] GRADE[02:40AM             ] ,C,0.2224,,Mn,0,<,Si,0.0573,,S,0.0217,,P,0.0893,,Al,0.2457,,Cr,0.0074,,Cu,0.0064,,Ni,0.0064,,Mo,0.0013,R,Ti,0,<,Nb,0.0009,,Pb,0.0054,,Sn,0.012,,B,0.0011,,Sb,0.0355,,V,0.0116,,Co,0,<,N,0.00465,,Fe,99.271
26-08-2023 04:17,0,R,SHYAM SEL_SMS,SHYAM SEL_SMS,SHYAM SEL_SMS,SHYAM SEL_SMS,BATCH NO./LOT NO.[E-7593              ] SIZE[B                   ] GRADE[02:40AM             ] ,C,0.00526,,Mn,0,,Si,0.00113,,S,0.0003,,P,0.00048,,Al,0.03077,,Cr,0.00015,,Cu,0.00062,,Ni,0.00118,,Mo,0.00144,,Ti,0,,Nb,0.00064,,Pb,0.00042,,Sn,0.00103,,B,0.00014,,Sb,0.00292,,V,0.00025,,Co,0,,N,0.00069,,Fe,0.03425
26-08-2023 04:17,0,CV,SHYAM SEL_SMS,SHYAM SEL_SMS,SHYAM SEL_SMS,SHYAM SEL_SMS,BATCH NO./LOT NO.[E-7593              ] SIZE[B                   ] GRADE[02:40AM             ] ,C,1.6721,,Mn,0,,Si,1.3891,,S,0.98256,,P,0.37687,,Al,8.8551,,Cr,1.4033,,Cu,6.7823,,Ni,13.074,,Mo,76.746,,Ti,0,,Nb,48.516,,Pb,5.5031,,Sn,6.0526,,B,8.8437,,Sb,5.8227,,V,1.5028,,Co,0,,N,10.467,,Fe,0.0244
26-08-2023 04:17,0,SD,SHYAM SEL_SMS,SHYAM SEL_SMS,SHYAM SEL_SMS,SHYAM SEL_SMS,BATCH NO./LOT NO.[E-7593              ] SIZE[B                   ] GRADE[02:40AM             ] ,C,0.00372,,Mn,0,,Si,0.0008,,S,0.00021,,P,0.00034,,Al,0.02176,,Cr,0.0001,,Cu,0.00044,,Ni,0.00083,,Mo,0.00102,,Ti,0,,Nb,0.00046,,Pb,0.0003,,Sn,0.00073,,B,0.0001,,Sb,0.00207,,V,0.00017,,Co,0,,N,0.00049,,Fe,0.02422
26-08-2023 04:35,0,1,SHYAM SEL_SMS,SHYAM SEL_SMS,SHYAM SEL_SMS,SHYAM SEL_SMS,BATCH NO./LOT NO.[E-7593              ] SIZE[B                   ] GRADE[02:40AM             ] ,C,0.1012,,Mn,0,<,Si,0.055,,S,0.0211,,P,0.0762,,Al,0.4815,,Cr,0.007,,Cu,0.0083,,Ni,0.0082,,Mo,0.0002,,Ti,0,<,Nb,0.0004,,Pb,0.0052,,Sn,0.0132,,B,0.0013,,Sb,0.029,,V,0.0113,,Co,0,<,N,0.005,,Fe,99.176
26-08-2023 04:36,0,AV,SHYAM SEL_SMS,SHYAM SEL_SMS,SHYAM SEL_SMS,SHYAM SEL_SMS,BATCH NO./LOT NO.[E-7593              ] SIZE[B                   ] GRADE[02:40AM             ] ,C,0.1012,,Mn,0,<,Si,0.055,,S,0.0211,,P,0.0762,,Al,0.4815,,Cr,0.007,,Cu,0.0083,,Ni,0.0082,,Mo,0.0002,,Ti,0,<,Nb,0.0004,,Pb,0.0052,,Sn,0.0132,,B,0.0013,,Sb,0.029,,V,0.0113,,Co,0,<,N,0.005,,Fe,99.176
26-08-2023 04:36,0,R,SHYAM SEL_SMS,SHYAM SEL_SMS,SHYAM SEL_SMS,SHYAM SEL_SMS,BATCH NO./LOT NO.[E-7593              ] SIZE[B                   ] GRADE[02:40AM             ] ,C,0,,Mn,0,,Si,0,,S,0,,P,0,,Al,0,,Cr,0,,Cu,0,,Ni,0,,Mo,0,,Ti,0,,Nb,0,,Pb,0,,Sn,0,,B,0,,Sb,0,,V,0,,Co,0,,N,0,,Fe,0
26-08-2023 04:36,0,CV,SHYAM SEL_SMS,SHYAM SEL_SMS,SHYAM SEL_SMS,SHYAM SEL_SMS,BATCH NO./LOT NO.[E-7593              ] SIZE[B                   ] GRADE[02:40AM             ] ,C,0,,Mn,0,,Si,0,,S,0,,P,0,,Al,0,,Cr,0,,Cu,0,,Ni,0,,Mo,0,,Ti,0,,Nb,0,,Pb,0,,Sn,0,,B,0,,Sb,0,,V,0,,Co,0,,N,0,,Fe,0
26-08-2023 04:36,0,SD,SHYAM SEL_SMS,SHYAM SEL_SMS,SHYAM SEL_SMS,SHYAM SEL_SMS,BATCH NO./LOT NO.[E-7593              ] SIZE[B                   ] GRADE[02:40AM             ] ,C,0,,Mn,0,,Si,0,,S,0,,P,0,,Al,0,,Cr,0,,Cu,0,,Ni,0,,Mo,0,,Ti,0,,Nb,0,,Pb,0,,Sn,0,,B,0,,Sb,0,,V,0,,Co,0,,N,0,,Fe,0
26-08-2023 04:39,0,1,SHYAM SEL_SMS,SHYAM SEL_SMS,SHYAM SEL_SMS,SHYAM SEL_SMS,BATCH NO./LOT NO.[E-7593              ] SIZE[B                   ] GRADE[02:40AM             ] ,C,0.2265,,Mn,0.627,,Si,0.2327,,S,0.0363,,P,0.0397,,Al,0,<,Cr,0.0748,,Cu,0.1753,,Ni,0.0477,,Mo,0.0336,,Ti,0,<,Nb,0.0017,,Pb,0.0093,,Sn,0.04,,B,0.0018,,Sb,0.0352,,V,0.005,,Co,0.0075,,N,0.00559,,Fe,98.4
26-08-2023 04:40,0,2,SHYAM SEL_SMS,SHYAM SEL_SMS,SHYAM SEL_SMS,SHYAM SEL_SMS,BATCH NO./LOT NO.[E-7593              ] SIZE[B                   ] GRADE[02:40AM             ] ,C,0.2283,,Mn,0.612,,Si,0.2271,,S,0.0348,,P,0.0396,,Al,0,<,Cr,0.0734,,Cu,0.1763,,Ni,0.0481,,Mo,0.0324,,Ti,0,<,Nb,0.001,,Pb,0.0085,,Sn,0.0398,,B,0.0018,,Sb,0.0363,,V,0.0049,,Co,0.0073,,N,0.00613,,Fe,98.422
26-08-2023 04:40,0,AV,SHYAM SEL_SMS,SHYAM SEL_SMS,SHYAM SEL_SMS,SHYAM SEL_SMS,BATCH NO./LOT NO.[E-7593              ] SIZE[B                   ] GRADE[02:40AM             ] ,C,0.2274,,Mn,0.6195,,Si,0.2299,,S,0.0355,,P,0.0397,,Al,0,<,Cr,0.0741,,Cu,0.1758,,Ni,0.0479,,Mo,0.033,,Ti,0,<,Nb,0.0014,,Pb,0.0089,,Sn,0.0399,,B,0.0018,,Sb,0.0357,,V,0.0049,,Co,0.0074,,N,0.00586,,Fe,98.411
26-08-2023 04:40,0,R,SHYAM SEL_SMS,SHYAM SEL_SMS,SHYAM SEL_SMS,SHYAM SEL_SMS,BATCH NO./LOT NO.[E-7593              ] SIZE[B                   ] GRADE[02:40AM             ] ,C,0.00185,,Mn,0.01495,,Si,0.00558,,S,0.0015,,P,0.00001,,Al,0,,Cr,0.00144,,Cu,0.00092,,Ni,0.00033,,Mo,0.0012,,Ti,0,,Nb,0.00067,,Pb,0.00081,,Sn,0.00014,,B,0.00001,,Sb,0.00109,,V,0.00015,,Co,0.00028,,N,0.00054,,Fe,0.02198
26-08-2023 04:40,0,CV,SHYAM SEL_SMS,SHYAM SEL_SMS,SHYAM SEL_SMS,SHYAM SEL_SMS,BATCH NO./LOT NO.[E-7593              ] SIZE[B                   ] GRADE[02:40AM             ] ,C,0.57454,,Mn,1.7059,,Si,1.7159,,S,2.9792,,P,0.01157,,Al,0,,Cr,1.3716,,Cu,0.36832,,Ni,0.48289,,Mo,2.5696,,Ti,0,,Nb,34.683,,Pb,6.4243,,Sn,0.25655,,B,0.32194,,Sb,2.1657,,V,2.1389,,Co,2.6592,,N,6.537,,Fe,0.01579
26-08-2023 04:40,0,SD,SHYAM SEL_SMS,SHYAM SEL_SMS,SHYAM SEL_SMS,SHYAM SEL_SMS,BATCH NO./LOT NO.[E-7593              ] SIZE[B                   ] GRADE[02:40AM             ] ,C,0.00131,,Mn,0.01057,,Si,0.00395,,S,0.00106,,P,0,,Al,0,,Cr,0.00102,,Cu,0.00065,,Ni,0.00023,,Mo,0.00085,,Ti,0,,Nb,0.00047,,Pb,0.00057,,Sn,0.0001,,B,0.00001,,Sb,0.00077,,V,0.00011,,Co,0.0002,,N,0.00038,,Fe,0.01554
26-08-2023 04:39,0,1,SHYAM SEL_SMS,SHYAM SEL_SMS,SHYAM SEL_SMS,SHYAM SEL_SMS,BATCH NO./LOT NO.[E-7593              ] SIZE[B                   ] GRADE[02:40AM             ] ,C,0.2265,,Mn,0.627,,Si,0.2327,,S,0.0363,,P,0.0397,,Al,0,<,Cr,0.0748,,Cu,0.1753,,Ni,0.0477,,Mo,0.0336,,Ti,0,<,Nb,0.0017,,Pb,0.0093,,Sn,0.04,,B,0.0018,,Sb,0.0352,,V,0.005,,Co,0.0075,,N,0.00559,,Fe,98.4
26-08-2023 04:40,0,2,SHYAM SEL_SMS,SHYAM SEL_SMS,SHYAM SEL_SMS,SHYAM SEL_SMS,BATCH NO./LOT NO.[E-7593              ] SIZE[B                   ] GRADE[02:40AM             ] ,C,0.2283,,Mn,0.612,,Si,0.2271,,S,0.0348,,P,0.0396,,Al,0,<,Cr,0.0734,,Cu,0.1763,,Ni,0.0481,,Mo,0.0324,,Ti,0,<,Nb,0.001,,Pb,0.0085,,Sn,0.0398,,B,0.0018,,Sb,0.0363,,V,0.0049,,Co,0.0073,,N,0.00613,,Fe,98.422
26-08-2023 04:44,0,3,SHYAM SEL_SMS,SHYAM SEL_SMS,SHYAM SEL_SMS,SHYAM SEL_SMS,BATCH NO./LOT NO.[E-7593              ] SIZE[B                   ] GRADE[02:40AM             ] ,C,0.2271,,Mn,0.641,,Si,0.2487,,S,0.0378,,P,0.0392,,Al,0,<,Cr,0.0736,,Cu,0.1629,,Ni,0.0443,,Mo,0.0272,,Ti,0,<,Nb,0.0044,,Pb,0.0107,,Sn,0.0378,,B,0.0018,,Sb,0.0303,,V,0.0053,,Co,0.0048,,N,0.00266,,Fe,98.4
26-08-2023 04:44,0,AV,SHYAM SEL_SMS,SHYAM SEL_SMS,SHYAM SEL_SMS,SHYAM SEL_SMS,BATCH NO./LOT NO.[E-7593              ] SIZE[B                   ] GRADE[02:40AM             ] ,C,0.2273,,Mn,0.6267,,Si,0.2362,,S,0.0363,,P,0.0395,,Al,0,<,Cr,0.074,,Cu,0.1715,,Ni,0.0467,,Mo,0.0311,,Ti,0,<,Nb,0.0024,R,Pb,0.0095,,Sn,0.0392,,B,0.0018,,Sb,0.0339,,V,0.0051,,Co,0.0065,,N,0.0048,,Fe,98.408
26-08-2023 04:44,0,R,SHYAM SEL_SMS,SHYAM SEL_SMS,SHYAM SEL_SMS,SHYAM SEL_SMS,BATCH NO./LOT NO.[E-7593              ] SIZE[B                   ] GRADE[02:40AM             ] ,C,0.00185,,Mn,0.02897,,Si,0.02159,,S,0.00299,,P,0.00042,,Al,0,,Cr,0.00144,,Cu,0.01338,,Ni,0.00378,,Mo,0.00641,,Ti,0,,Nb,0.00342,,Pb,0.00224,,Sn,0.00219,,B,0.00003,,Sb,0.00594,,V,0.00047,,Co,0.00276,,N,0.00347,,Fe,0.02204
26-08-2023 04:44,0,CV,SHYAM SEL_SMS,SHYAM SEL_SMS,SHYAM SEL_SMS,SHYAM SEL_SMS,BATCH NO./LOT NO.[E-7593              ] SIZE[B                   ] GRADE[02:40AM             ] ,C,0.41066,,Mn,2.3122,,Si,4.7444,,S,4.1221,,P,0.61081,,Al,0,,Cr,1.0435,,Cu,4.3584,,Ni,4.4912,,Mo,10.972,,Ti,0,,Nb,75.946,,Pb,11.881,,Sn,3.1267,,B,0.96442,,Sb,9.3289,,V,4.6993,,Co,23.334,,N,38.949,,Fe,0.01291
26-08-2023 04:44,0,SD,SHYAM SEL_SMS,SHYAM SEL_SMS,SHYAM SEL_SMS,SHYAM SEL_SMS,BATCH NO./LOT NO.[E-7593              ] SIZE[B                   ] GRADE[02:40AM             ] ,C,0.00093,,Mn,0.01449,,Si,0.01121,,S,0.0015,,P,0.00024,,Al,0,,Cr,0.00077,,Cu,0.00747,,Ni,0.0021,,Mo,0.00341,,Ti,0,,Nb,0.00181,,Pb,0.00113,,Sn,0.00122,,B,0.00002,,Sb,0.00316,,V,0.00024,,Co,0.00152,,N,0.00187,,Fe,0.01271
26-08-2023 04:49,0,1,SHYAM SEL_SMS,SHYAM SEL_SMS,SHYAM SEL_SMS,SHYAM SEL_SMS,BATCH NO./LOT NO.[E-7593              ] SIZE[B                   ] GRADE[02:40AM             ] ,C,0.2212,,Mn,0.6181,,Si,0.2367,,S,0.0349,,P,0.0389,,Al,0,<,Cr,0.0721,,Cu,0.165,,Ni,0.0449,,Mo,0.0267,,Ti,0,<,Nb,0.002,,Pb,0.0085,,Sn,0.0378,,B,0.0017,,Sb,0.031,,V,0.0049,,Co,0.0035,,N,0.00362,,Fe,98.448
26-08-2023 04:50,0,2,SHYAM SEL_SMS,SHYAM SEL_SMS,SHYAM SEL_SMS,SHYAM SEL_SMS,BATCH NO./LOT NO.[E-7593              ] SIZE[B                   ] GRADE[02:40AM             ] ,C,0.2212,,Mn,0.6179,,Si,0.2333,,S,0.0341,,P,0.0376,,Al,0,<,Cr,0.0722,,Cu,0.1666,,Ni,0.0453,,Mo,0.0281,,Ti,0,<,Nb,0.0012,,Pb,0.0084,,Sn,0.0375,,B,0.0016,,Sb,0.033,,V,0.0049,,Co,0.0037,,N,0.0042,,Fe,98.449
26-08-2023 04:50,0,AV,SHYAM SEL_SMS,SHYAM SEL_SMS,SHYAM SEL_SMS,SHYAM SEL_SMS,BATCH NO./LOT NO.[E-7593              ] SIZE[B                   ] GRADE[02:40AM             ] ,C,0.2212,,Mn,0.618,,Si,0.235,,S,0.0345,,P,0.0383,,Al,0,<,Cr,0.0721,,Cu,0.1658,,Ni,0.0451,,Mo,0.0274,,Ti,0,<,Nb,0.0016,,Pb,0.0084,,Sn,0.0376,,B,0.0017,,Sb,0.032,,V,0.0049,,Co,0.0036,,N,0.00391,,Fe,98.449
26-08-2023 04:50,0,R,SHYAM SEL_SMS,SHYAM SEL_SMS,SHYAM SEL_SMS,SHYAM SEL_SMS,BATCH NO./LOT NO.[E-7593              ] SIZE[B                   ] GRADE[02:40AM             ] ,C,0.00001,,Mn,0.00016,,Si,0.00339,,S,0.00083,,P,0.00135,,Al,0,,Cr,0.00007,,Cu,0.00162,,Ni,0.00036,,Mo,0.00142,,Ti,0,,Nb,0.00073,,Pb,0.00011,,Sn,0.00027,,B,0.00008,,Sb,0.00201,,V,0.00007,,Co,0.00017,,N,0.00058,,Fe,0.00076
26-08-2023 04:50,0,CV,SHYAM SEL_SMS,SHYAM SEL_SMS,SHYAM SEL_SMS,SHYAM SEL_SMS,BATCH NO./LOT NO.[E-7593              ] SIZE[B                   ] GRADE[02:40AM             ] ,C,0.00195,,Mn,0.01794,,Si,1.0203,,S,1.7015,,P,2.5001,,Al,0,,Cr,0.06912,,Cu,0.69238,,Ni,0.56351,,Mo,3.6559,,Ti,0,,Nb,32.101,,Pb,0.91012,,Sn,0.50914,,B,3.1887,,Sb,4.434,,V,0.98087,,Co,3.3443,,N,10.466,,Fe,0.00054
26-08-2023 04:50,0,SD,SHYAM SEL_SMS,SHYAM SEL_SMS,SHYAM SEL_SMS,SHYAM SEL_SMS,BATCH NO./LOT NO.[E-7593              ] SIZE[B                   ] GRADE[02:40AM             ] ,C,0,,Mn,0.00011,,Si,0.0024,,S,0.00059,,P,0.00096,,Al,0,,Cr,0.00005,,Cu,0.00115,,Ni,0.00025,,Mo,0.001,,Ti,0,,Nb,0.00051,,Pb,0.00008,,Sn,0.00019,,B,0.00005,,Sb,0.00142,,V,0.00005,,Co,0.00012,,N,0.00041,,Fe,0.00054
26-08-2023 04:49,0,1,SHYAM SEL_SMS,SHYAM SEL_SMS,SHYAM SEL_SMS,SHYAM SEL_SMS,BATCH NO./LOT NO.[E-7593              ] SIZE[B                   ] GRADE[02:40AM             ] ,C,0.2212,,Mn,0.6181,,Si,0.2367,,S,0.0349,,P,0.0389,,Al,0,<,Cr,0.0721,,Cu,0.165,,Ni,0.0449,,Mo,0.0267,,Ti,0,<,Nb,0.002,,Pb,0.0085,,Sn,0.0378,,B,0.0017,,Sb,0.031,,V,0.0049,,Co,0.0035,,N,0.00362,,Fe,98.448
26-08-2023 04:50,0,2,SHYAM SEL_SMS,SHYAM SEL_SMS,SHYAM SEL_SMS,SHYAM SEL_SMS,BATCH NO./LOT NO.[E-7593              ] SIZE[B                   ] GRADE[02:40AM             ] ,C,0.2212,,Mn,0.6179,,Si,0.2333,,S,0.0341,,P,0.0376,,Al,0,<,Cr,0.0722,,Cu,0.1666,,Ni,0.0453,,Mo,0.0281,,Ti,0,<,Nb,0.0012,,Pb,0.0084,,Sn,0.0375,,B,0.0016,,Sb,0.033,,V,0.0049,,Co,0.0037,,N,0.0042,,Fe,98.449
26-08-2023 04:52,0,3,SHYAM SEL_SMS,SHYAM SEL_SMS,SHYAM SEL_SMS,SHYAM SEL_SMS,BATCH NO./LOT NO.[E-7593              ] SIZE[B                   ] GRADE[02:40AM             ] ,C,0.2253,,Mn,0.6204,,Si,0.2346,,S,0.0392,,P,0.0398,,Al,0,<,Cr,0.0726,,Cu,0.1667,,Ni,0.0449,,Mo,0.03,,Ti,0,<,Nb,0.002,,Pb,0.0099,,Sn,0.0385,,B,0.0018,,Sb,0.0323,,V,0.0051,,Co,0.0048,,N,0.00415,,Fe,98.428
26-08-2023 04:52,0,AV,SHYAM SEL_SMS,SHYAM SEL_SMS,SHYAM SEL_SMS,SHYAM SEL_SMS,BATCH NO./LOT NO.[E-7593              ] SIZE[B                   ] GRADE[02:40AM             ] ,C,0.2226,,Mn,0.6188,,Si,0.2349,,S,0.036,,P,0.0388,,Al,0,<,Cr,0.0723,,Cu,0.1661,,Ni,0.045,,Mo,0.0283,,Ti,0,<,Nb,0.0017,,Pb,0.0089,,Sn,0.0379,,B,0.0017,,Sb,0.0321,,V,0.005,,Co,0.004,,N,0.00399,,Fe,98.442
26-08-2023 04:52,0,R,SHYAM SEL_SMS,SHYAM SEL_SMS,SHYAM SEL_SMS,SHYAM SEL_SMS,BATCH NO./LOT NO.[E-7593              ] SIZE[B                   ] GRADE[02:40AM             ] ,C,0.00403,,Mn,0.00253,,Si,0.00339,,S,0.00509,,P,0.00225,,Al,0,,Cr,0.00047,,Cu,0.00169,,Ni,0.00036,,Mo,0.00331,,Ti,0,,Nb,0.00076,,Pb,0.00154,,Sn,0.00102,,B,0.00017,,Sb,0.00201,,V,0.00021,,Co,0.00127,,N,0.00058,,Fe,0.02119
26-08-2023 04:52,0,CV,SHYAM SEL_SMS,SHYAM SEL_SMS,SHYAM SEL_SMS,SHYAM SEL_SMS,BATCH NO./LOT NO.[E-7593              ] SIZE[B                   ] GRADE[02:40AM             ] ,C,1.0456,,Mn,0.22919,,Si,0.72904,,S,7.5735,,P,2.9205,,Al,0,,Cr,0.35046,,Cu,0.57562,,Ni,0.46435,,Mo,5.8799,,Ti,0,,Nb,24.84,,Pb,9.6476,,Sn,1.3994,,B,4.9796,,Sb,3.1597,,V,2.1827,,Co,17.332,,N,8.0321,,Fe,0.01221
26-08-2023 04:52,0,SD,SHYAM SEL_SMS,SHYAM SEL_SMS,SHYAM SEL_SMS,SHYAM SEL_SMS,BATCH NO./LOT NO.[E-7593              ] SIZE[B                   ] GRADE[02:40AM             ] ,C,0.00233,,Mn,0.00142,,Si,0.00171,,S,0.00273,,P,0.00113,,Al,0,,Cr,0.00025,,Cu,0.00096,,Ni,0.00021,,Mo,0.00166,,Ti,0,,Nb,0.00043,,Pb,0.00086,,Sn,0.00053,,B,0.00009,,Sb,0.00101,,V,0.00011,,Co,0.00069,,N,0.00032,,Fe,0.01202
26-08-2023 04:49,0,1,SHYAM SEL_SMS,SHYAM SEL_SMS,SHYAM SEL_SMS,SHYAM SEL_SMS,BATCH NO./LOT NO.[E-7593              ] SIZE[B                   ] GRADE[02:40AM             ] ,C,0.2212,,Mn,0.6181,,Si,0.2367,,S,0.0349,,P,0.0389,,Al,0,<,Cr,0.0721,,Cu,0.165,,Ni,0.0449,,Mo,0.0267,,Ti,0,<,Nb,0.002,,Pb,0.0085,,Sn,0.0378,,B,0.0017,,Sb,0.031,,V,0.0049,,Co,0.0035,,N,0.00362,,Fe,98.448
26-08-2023 04:50,0,2,SHYAM SEL_SMS,SHYAM SEL_SMS,SHYAM SEL_SMS,SHYAM SEL_SMS,BATCH NO./LOT NO.[E-7593              ] SIZE[B                   ] GRADE[02:40AM             ] ,C,0.2212,,Mn,0.6179,,Si,0.2333,,S,0.0341,,P,0.0376,,Al,0,<,Cr,0.0722,,Cu,0.1666,,Ni,0.0453,,Mo,0.0281,,Ti,0,<,Nb,0.0012,,Pb,0.0084,,Sn,0.0375,,B,0.0016,,Sb,0.033,,V,0.0049,,Co,0.0037,,N,0.0042,,Fe,98.449
26-08-2023 04:52,0,3,SHYAM SEL_SMS,SHYAM SEL_SMS,SHYAM SEL_SMS,SHYAM SEL_SMS,BATCH NO./LOT NO.[E-7593              ] SIZE[B                   ] GRADE[02:40AM             ] ,C,0.2253,,Mn,0.6204,,Si,0.2346,,S,0.0392,,P,0.0398,,Al,0,<,Cr,0.0726,,Cu,0.1667,,Ni,0.0449,,Mo,0.03,,Ti,0,<,Nb,0.002,,Pb,0.0099,,Sn,0.0385,,B,0.0018,,Sb,0.0323,,V,0.0051,,Co,0.0048,,N,0.00415,,Fe,98.428
26-08-2023 04:54,0,4,SHYAM SEL_SMS,SHYAM SEL_SMS,SHYAM SEL_SMS,SHYAM SEL_SMS,BATCH NO./LOT NO.[E-7593              ] SIZE[B                   ] GRADE[02:40AM             ] ,C,0.2208,,Mn,0.6174,,Si,0.2376,,S,0.0343,,P,0.0392,,Al,0,<,Cr,0.0718,,Cu,0.1678,,Ni,0.0461,,Mo,0.0278,,Ti,0,<,Nb,0.0012,,Pb,0.0076,,Sn,0.0387,,B,0.0019,,Sb,0.0336,,V,0.0047,,Co,0.0038,,N,0.00475,,Fe,98.441
26-08-2023 04:54,0,AV,SHYAM SEL_SMS,SHYAM SEL_SMS,SHYAM SEL_SMS,SHYAM SEL_SMS,BATCH NO./LOT NO.[E-7593              ] SIZE[B                   ] GRADE[02:40AM             ] ,C,0.2221,,Mn,0.6184,,Si,0.2356,,S,0.0356,,P,0.0389,,Al,0,<,Cr,0.0722,,Cu,0.1665,,Ni,0.0453,,Mo,0.0282,,Ti,0,<,Nb,0.0016,,Pb,0.0086,,Sn,0.0381,,B,0.0018,,Sb,0.0325,,V,0.0049,,Co,0.0039,,N,0.00418,,Fe,98.442
26-08-2023 04:54,0,R,SHYAM SEL_SMS,SHYAM SEL_SMS,SHYAM SEL_SMS,SHYAM SEL_SMS,BATCH NO./LOT NO.[E-7593              ] SIZE[B                   ] GRADE[02:40AM             ] ,C,0.00447,,Mn,0.00308,,Si,0.00431,,S,0.00509,,P,0.00225,,Al,0,,Cr,0.00082,,Cu,0.00286,,Ni,0.00115,,Mo,0.00331,,Ti,0,,Nb,0.00084,,Pb,0.00235,,Sn,0.00124,,B,0.00028,,Sb,0.00252,,V,0.00038,,Co,0.00127,,N,0.00112,,Fe,0.02119
26-08-2023 04:54,0,CV,SHYAM SEL_SMS,SHYAM SEL_SMS,SHYAM SEL_SMS,SHYAM SEL_SMS,BATCH NO./LOT NO.[E-7593              ] SIZE[B                   ] GRADE[02:40AM             ] ,C,0.94477,,Mn,0.22083,,Si,0.83239,,S,6.7244,,P,2.4391,,Al,0,,Cr,0.46545,,Cu,0.70464,,Ni,1.1974,,Mo,4.8792,,Ti,0,,Nb,28.668,,Pb,11.374,,Sn,1.5515,,B,6.764,,Sb,3.376,,V,3.1848,,Co,14.546,,N,10.995,,Fe,0.00998
26-08-2023 04:54,0,SD,SHYAM SEL_SMS,SHYAM SEL_SMS,SHYAM SEL_SMS,SHYAM SEL_SMS,BATCH NO./LOT NO.[E-7593              ] SIZE[B                   ] GRADE[02:40AM             ] ,C,0.0021,,Mn,0.00137,,Si,0.00196,,S,0.00239,,P,0.00095,,Al,0,,Cr,0.00034,,Cu,0.00117,,Ni,0.00054,,Mo,0.00137,,Ti,0,,Nb,0.00045,,Pb,0.00098,,Sn,0.00059,,B,0.00012,,Sb,0.0011,,V,0.00016,,Co,0.00057,,N,0.00046,,Fe,0.00982
26-08-2023 04:49,0,1,SHYAM SEL_SMS,SHYAM SEL_SMS,SHYAM SEL_SMS,SHYAM SEL_SMS,BATCH NO./LOT NO.[E-7593              ] SIZE[B                   ] GRADE[02:40AM             ] ,C,0.2212,,Mn,0.6181,,Si,0.2367,,S,0.0349,,P,0.0389,,Al,0,<,Cr,0.0721,,Cu,0.165,,Ni,0.0449,,Mo,0.0267,,Ti,0,<,Nb,0.002,,Pb,0.0085,,Sn,0.0378,,B,0.0017,,Sb,0.031,,V,0.0049,,Co,0.0035,,N,0.00362,,Fe,98.448
26-08-2023 04:50,0,2,SHYAM SEL_SMS,SHYAM SEL_SMS,SHYAM SEL_SMS,SHYAM SEL_SMS,BATCH NO./LOT NO.[E-7593              ] SIZE[B                   ] GRADE[02:40AM             ] ,C,0.2212,,Mn,0.6179,,Si,0.2333,,S,0.0341,,P,0.0376,,Al,0,<,Cr,0.0722,,Cu,0.1666,,Ni,0.0453,,Mo,0.0281,,Ti,0,<,Nb,0.0012,,Pb,0.0084,,Sn,0.0375,,B,0.0016,,Sb,0.033,,V,0.0049,,Co,0.0037,,N,0.0042,,Fe,98.449
26-08-2023 04:52,0,3,SHYAM SEL_SMS,SHYAM SEL_SMS,SHYAM SEL_SMS,SHYAM SEL_SMS,BATCH NO./LOT NO.[E-7593              ] SIZE[B                   ] GRADE[02:40AM             ] ,C,0.2253,,Mn,0.6204,,Si,0.2346,,S,0.0392,,P,0.0398,,Al,0,<,Cr,0.0726,,Cu,0.1667,,Ni,0.0449,,Mo,0.03,,Ti,0,<,Nb,0.002,,Pb,0.0099,,Sn,0.0385,,B,0.0018,,Sb,0.0323,,V,0.0051,,Co,0.0048,,N,0.00415,,Fe,98.428
26-08-2023 04:54,0,4,SHYAM SEL_SMS,SHYAM SEL_SMS,SHYAM SEL_SMS,SHYAM SEL_SMS,BATCH NO./LOT NO.[E-7593              ] SIZE[B                   ] GRADE[02:40AM             ] ,C,0.2208,,Mn,0.6174,,Si,0.2376,,S,0.0343,,P,0.0392,,Al,0,<,Cr,0.0718,,Cu,0.1678,,Ni,0.0461,,Mo,0.0278,,Ti,0,<,Nb,0.0012,,Pb,0.0076,,Sn,0.0387,,B,0.0019,,Sb,0.0336,,V,0.0047,,Co,0.0038,,N,0.00475,,Fe,98.441
26-08-2023 04:55,0,5,SHYAM SEL_SMS,SHYAM SEL_SMS,SHYAM SEL_SMS,SHYAM SEL_SMS,BATCH NO./LOT NO.[E-7593              ] SIZE[B                   ] GRADE[02:40AM             ] ,C,0.1491,,Mn,0.0195,,Si,0.0559,,S,0.0169,,P,0.0829,,Al,0.3893,,Cr,0.0062,,Cu,0.0055,,Ni,0.0055,,Mo,0,<,Ti,0,<,Nb,0.0004,,Pb,0.0034,,Sn,0.0111,,B,0.001,,Sb,0.0291,,V,0.0099,,Co,0,<,N,0.00371,,Fe,99.211
26-08-2023 04:55,0,AV,SHYAM SEL_SMS,SHYAM SEL_SMS,SHYAM SEL_SMS,SHYAM SEL_SMS,BATCH NO./LOT NO.[E-7593              ] SIZE[B                   ] GRADE[02:40AM             ] ,C,0.2075,,Mn,0.4987,R,Si,0.1996,,S,0.0319,,P,0.0477,,Al,0.0779,R,Cr,0.059,R,Cu,0.1343,R,Ni,0.0373,R,Mo,0.0225,R,Ti,0,<,Nb,0.0014,R,Pb,0.0076,,Sn,0.0327,,B,0.0016,,Sb,0.0318,,V,0.0059,,Co,0.0031,R,N,0.00408,,Fe,98.595
26-08-2023 04:55,0,R,SHYAM SEL_SMS,SHYAM SEL_SMS,SHYAM SEL_SMS,SHYAM SEL_SMS,BATCH NO./LOT NO.[E-7593              ] SIZE[B                   ] GRADE[02:40AM             ] ,C,0.07617,,Mn,0.60093,,Si,0.18171,,S,0.02223,,P,0.04531,,Al,0.38927,,Cr,0.06639,,Cu,0.16231,,Ni,0.04059,,Mo,0.03002,,Ti,0,,Nb,0.00155,,Pb,0.00652,,Sn,0.02759,,B,0.00093,,Sb,0.0045,,V,0.00517,,Co,0.00478,,N,0.00112,,Fe,0.7826
26-08-2023 04:55,0,CV,SHYAM SEL_SMS,SHYAM SEL_SMS,SHYAM SEL_SMS,SHYAM SEL_SMS,BATCH NO./LOT NO.[E-7593              ] SIZE[B                   ] GRADE[02:40AM             ] ,C,15.764,,Mn,53.715,,Si,40.25,,S,27.005,,P,41.302,,Al,223.61,,Cr,50.04,,Cu,53.609,,Ni,47.732,,Mo,56.151,,Ti,0,,Nb,47.339,,Pb,32.734,,Sn,36.904,,B,22.802,,Sb,5.6649,,V,37.795,,Co,58.077,,N,11.038,,Fe,0.34888
26-08-2023 04:55,0,SD,SHYAM SEL_SMS,SHYAM SEL_SMS,SHYAM SEL_SMS,SHYAM SEL_SMS,BATCH NO./LOT NO.[E-7593              ] SIZE[B                   ] GRADE[02:40AM             ] ,C,0.03271,,Mn,0.26785,,Si,0.08036,,S,0.00861,,P,0.0197,,Al,0.17409,,Cr,0.0295,,Cu,0.07201,,Ni,0.01781,,Mo,0.01265,,Ti,0,,Nb,0.00064,,Pb,0.00247,,Sn,0.01208,,B,0.00037,,Sb,0.0018,,V,0.00223,,Co,0.00183,,N,0.00045,,Fe,0.34398
26-08-2023 04:49,0,1,SHYAM SEL_SMS,SHYAM SEL_SMS,SHYAM SEL_SMS,SHYAM SEL_SMS,BATCH NO./LOT NO.[E-7593              ] SIZE[B                   ] GRADE[02:40AM             ] ,C,0.2212,,Mn,0.6181,,Si,0.2367,,S,0.0349,,P,0.0389,,Al,0,<,Cr,0.0721,,Cu,0.165,,Ni,0.0449,,Mo,0.0267,,Ti,0,<,Nb,0.002,,Pb,0.0085,,Sn,0.0378,,B,0.0017,,Sb,0.031,,V,0.0049,,Co,0.0035,,N,0.00362,,Fe,98.448
26-08-2023 04:50,0,2,SHYAM SEL_SMS,SHYAM SEL_SMS,SHYAM SEL_SMS,SHYAM SEL_SMS,BATCH NO./LOT NO.[E-7593              ] SIZE[B                   ] GRADE[02:40AM             ] ,C,0.2212,,Mn,0.6179,,Si,0.2333,,S,0.0341,,P,0.0376,,Al,0,<,Cr,0.0722,,Cu,0.1666,,Ni,0.0453,,Mo,0.0281,,Ti,0,<,Nb,0.0012,,Pb,0.0084,,Sn,0.0375,,B,0.0016,,Sb,0.033,,V,0.0049,,Co,0.0037,,N,0.0042,,Fe,98.449
26-08-2023 04:52,0,3,SHYAM SEL_SMS,SHYAM SEL_SMS,SHYAM SEL_SMS,SHYAM SEL_SMS,BATCH NO./LOT NO.[E-7593              ] SIZE[B                   ] GRADE[02:40AM             ] ,C,0.2253,,Mn,0.6204,,Si,0.2346,,S,0.0392,,P,0.0398,,Al,0,<,Cr,0.0726,,Cu,0.1667,,Ni,0.0449,,Mo,0.03,,Ti,0,<,Nb,0.002,,Pb,0.0099,,Sn,0.0385,,B,0.0018,,Sb,0.0323,,V,0.0051,,Co,0.0048,,N,0.00415,,Fe,98.428
26-08-2023 04:54,0,4,SHYAM SEL_SMS,SHYAM SEL_SMS,SHYAM SEL_SMS,SHYAM SEL_SMS,BATCH NO./LOT NO.[E-7593              ] SIZE[B                   ] GRADE[02:40AM             ] ,C,0.2208,,Mn,0.6174,,Si,0.2376,,S,0.0343,,P,0.0392,,Al,0,<,Cr,0.0718,,Cu,0.1678,,Ni,0.0461,,Mo,0.0278,,Ti,0,<,Nb,0.0012,,Pb,0.0076,,Sn,0.0387,,B,0.0019,,Sb,0.0336,,V,0.0047,,Co,0.0038,,N,0.00475,,Fe,98.441
26-08-2023 04:57,0,5,SHYAM SEL_SMS,SHYAM SEL_SMS,SHYAM SEL_SMS,SHYAM SEL_SMS,BATCH NO./LOT NO.[E-7593              ] SIZE[B                   ] GRADE[02:40AM             ] ,C,0.0951,,Mn,0.0203,,Si,0.0523,,S,0.0207,,P,0.082,,Al,0.6723,,Cr,0.0082,,Cu,0.0249,,Ni,0.0087,,Mo,0,<,Ti,0,<,Nb,0.0033,,Pb,0.0056,,Sn,0.0123,,B,0.0012,,Sb,0.0345,,V,0.0105,,Co,0,<,N,0.004,,Fe,98.944
26-08-2023 04:57,0,AV,SHYAM SEL_SMS,SHYAM SEL_SMS,SHYAM SEL_SMS,SHYAM SEL_SMS,BATCH NO./LOT NO.[E-7593              ] SIZE[B                   ] GRADE[02:40AM             ] ,C,0.1967,,Mn,0.4988,R,Si,0.1989,,S,0.0326,,P,0.0475,,Al,0.1345,R,Cr,0.0594,R,Cu,0.1382,R,Ni,0.038,,Mo,0.0225,R,Ti,0,<,Nb,0.0019,R,Pb,0.008,,Sn,0.033,,B,0.0017,,Sb,0.0329,,V,0.006,,Co,0.0031,R,N,0.00414,,Fe,98.542
26-08-2023 04:57,0,R,SHYAM SEL_SMS,SHYAM SEL_SMS,SHYAM SEL_SMS,SHYAM SEL_SMS,BATCH NO./LOT NO.[E-7593              ] SIZE[B                   ] GRADE[02:40AM             ] ,C,0.13015,,Mn,0.60012,,Si,0.18536,,S,0.01848,,P,0.04439,,Al,0.67232,,Cr,0.06441,,Cu,0.14291,,Ni,0.03735,,Mo,0.03002,,Ti,0,,Nb,0.00213,,Pb,0.00435,,Sn,0.02641,,B,0.00072,,Sb,0.00343,,V,0.00575,,Co,0.00478,,N,0.00112,,Fe,0.51625
26-08-2023 04:57,0,CV,SHYAM SEL_SMS,SHYAM SEL_SMS,SHYAM SEL_SMS,SHYAM SEL_SMS,BATCH NO./LOT NO.[E-7593              ] SIZE[B                   ] GRADE[02:40AM             ] ,C,28.89,,Mn,53.625,,Si,41.219,,S,21.434,,P,40.598,,Al,223.61,,Cr,48.219,,Cu,45.825,,Ni,43.102,,Mo,56.151,,Ti,0,,Nb,44.385,,Pb,19.96,,Sn,35.051,,B,16.747,,Sb,3.9558,,V,41.401,,Co,58.077,,N,9.8076,,Fe,0.22825
26-08-2023 04:57,0,SD,SHYAM SEL_SMS,SHYAM SEL_SMS,SHYAM SEL_SMS,SHYAM SEL_SMS,BATCH NO./LOT NO.[E-7593              ] SIZE[B                   ] GRADE[02:40AM             ] ,C,0.05683,,Mn,0.26749,,Si,0.08199,,S,0.00699,,P,0.01929,,Al,0.30067,,Cr,0.02862,,Cu,0.06333,,Ni,0.01637,,Mo,0.01265,,Ti,0,,Nb,0.00085,,Pb,0.00159,,Sn,0.01155,,B,0.00028,,Sb,0.0013,,V,0.00249,,Co,0.00183,,N,0.00041,,Fe,0.22492
26-08-2023 04:49,0,1,SHYAM SEL_SMS,SHYAM SEL_SMS,SHYAM SEL_SMS,SHYAM SEL_SMS,BATCH NO./LOT NO.[E-7593              ] SIZE[B                   ] GRADE[02:40AM             ] ,C,0.2212,,Mn,0.6181,,Si,0.2367,,S,0.0349,,P,0.0389,,Al,0,<,Cr,0.0721,,Cu,0.165,,Ni,0.0449,,Mo,0.0267,,Ti,0,<,Nb,0.002,,Pb,0.0085,,Sn,0.0378,,B,0.0017,,Sb,0.031,,V,0.0049,,Co,0.0035,,N,0.00362,,Fe,98.448
26-08-2023 04:50,0,2,SHYAM SEL_SMS,SHYAM SEL_SMS,SHYAM SEL_SMS,SHYAM SEL_SMS,BATCH NO./LOT NO.[E-7593              ] SIZE[B                   ] GRADE[02:40AM             ] ,C,0.2212,,Mn,0.6179,,Si,0.2333,,S,0.0341,,P,0.0376,,Al,0,<,Cr,0.0722,,Cu,0.1666,,Ni,0.0453,,Mo,0.0281,,Ti,0,<,Nb,0.0012,,Pb,0.0084,,Sn,0.0375,,B,0.0016,,Sb,0.033,,V,0.0049,,Co,0.0037,,N,0.0042,,Fe,98.449
26-08-2023 04:52,0,3,SHYAM SEL_SMS,SHYAM SEL_SMS,SHYAM SEL_SMS,SHYAM SEL_SMS,BATCH NO./LOT NO.[E-7593              ] SIZE[B                   ] GRADE[02:40AM             ] ,C,0.2253,,Mn,0.6204,,Si,0.2346,,S,0.0392,,P,0.0398,,Al,0,<,Cr,0.0726,,Cu,0.1667,,Ni,0.0449,,Mo,0.03,,Ti,0,<,Nb,0.002,,Pb,0.0099,,Sn,0.0385,,B,0.0018,,Sb,0.0323,,V,0.0051,,Co,0.0048,,N,0.00415,,Fe,98.428
26-08-2023 04:54,0,4,SHYAM SEL_SMS,SHYAM SEL_SMS,SHYAM SEL_SMS,SHYAM SEL_SMS,BATCH NO./LOT NO.[E-7593              ] SIZE[B                   ] GRADE[02:40AM             ] ,C,0.2208,,Mn,0.6174,,Si,0.2376,,S,0.0343,,P,0.0392,,Al,0,<,Cr,0.0718,,Cu,0.1678,,Ni,0.0461,,Mo,0.0278,,Ti,0,<,Nb,0.0012,,Pb,0.0076,,Sn,0.0387,,B,0.0019,,Sb,0.0336,,V,0.0047,,Co,0.0038,,N,0.00475,,Fe,98.441
26-08-2023 04:58,0,5,SHYAM SEL_SMS,SHYAM SEL_SMS,SHYAM SEL_SMS,SHYAM SEL_SMS,BATCH NO./LOT NO.[E-7593              ] SIZE[B                   ] GRADE[02:40AM             ] ,C,0.1881,,Mn,0.4793,,Si,0.4822,,S,0.0273,,P,0.0289,,Al,0.0455,,Cr,0.0233,,Cu,0.0114,,Ni,0.0192,,Mo,0.0229,,Ti,0,<,Nb,0.0502,,Pb,0.0167,,Sn,0.0114,,B,0.0068,,Sb,0.0948,,V,0.0987,,Co,0.1923,,N,0.00586,,Fe,98.195
26-08-2023 04:58,0,AV,SHYAM SEL_SMS,SHYAM SEL_SMS,SHYAM SEL_SMS,SHYAM SEL_SMS,BATCH NO./LOT NO.[E-7593              ] SIZE[B                   ] GRADE[02:40AM             ] ,C,0.2153,,Mn,0.5906,,Si,0.2849,,S,0.034,,P,0.0369,,Al,0.0091,R,Cr,0.0624,,Cu,0.1355,R,Ni,0.0401,,Mo,0.0271,,Ti,0,<,Nb,0.0113,R,Pb,0.0102,,Sn,0.0328,,B,0.0028,R,Sb,0.0449,R,V,0.0237,R,Co,0.0416,R,N,0.00452,,Fe,98.392
26-08-2023 04:58,0,R,SHYAM SEL_SMS,SHYAM SEL_SMS,SHYAM SEL_SMS,SHYAM SEL_SMS,BATCH NO./LOT NO.[E-7593              ] SIZE[B                   ] GRADE[02:40AM             ] ,C,0.03717,,Mn,0.14116,,Si,0.2489,,S,0.01183,,P,0.01089,,Al,0.04555,,Cr,0.04926,,Cu,0.15643,,Ni,0.02683,,Mo,0.00708,,Ti,0,,Nb,0.04908,,Pb,0.00912,,Sn,0.02733,,B,0.00519,,Sb,0.06372,,V,0.09397,,Co,0.1888,,N,0.00224,,Fe,0.25425
26-08-2023 04:58,0,CV,SHYAM SEL_SMS,SHYAM SEL_SMS,SHYAM SEL_SMS,SHYAM SEL_SMS,BATCH NO./LOT NO.[E-7593              ] SIZE[B                   ] GRADE[02:40AM             ] ,C,7.1192,,Mn,10.539,,Si,38.722,,S,12.496,,P,12.258,,Al,223.61,,Cr,35.016,,Cu,51.2,,Ni,29.104,,Mo,9.682,,Ti,0,,Nb,192.29,,Pb,36.446,,Sn,36.495,,B,81.419,,Sb,62.019,,V,177.27,,Co,202.45,,N,18.826,,Fe,0.11248
26-08-2023 04:58,0,SD,SHYAM SEL_SMS,SHYAM SEL_SMS,SHYAM SEL_SMS,SHYAM SEL_SMS,BATCH NO./LOT NO.[E-7593              ] SIZE[B                   ] GRADE[02:40AM             ] ,C,0.01533,,Mn,0.06225,,Si,0.11032,,S,0.00424,,P,0.00452,,Al,0.02037,,Cr,0.02184,,Cu,0.06938,,Ni,0.01166,,Mo,0.00263,,Ti,0,,Nb,0.02176,,Pb,0.00372,,Sn,0.01196,,B,0.00227,,Sb,0.02787,,V,0.04194,,Co,0.08424,,N,0.00085,,Fe,0.11067
26-08-2023 05:02,0,1,SHYAM SEL_SMS,SHYAM SEL_SMS,SHYAM SEL_SMS,SHYAM SEL_SMS,BATCH NO./LOT NO.[E-7593              ] SIZE[B                   ] GRADE[02:40AM             ] ,C,0.2311,,Mn,0.6181,,Si,0.2177,,S,0.0379,,P,0.0389,,Al,0,<,Cr,0.0721,,Cu,0.165,,Ni,0.0449,,Mo,0.0267,,Ti,0,<,Nb,0.002,,Pb,0.0085,,Sn,0.0378,,B,0.0017,,Sb,0.031,,V,0.0049,,Co,0.0035,,N,0.00359,,Fe,98.455
26-08-2023 05:02,0,2,SHYAM SEL_SMS,SHYAM SEL_SMS,SHYAM SEL_SMS,SHYAM SEL_SMS,BATCH NO./LOT NO.[E-7593              ] SIZE[B                   ] GRADE[02:40AM             ] ,C,0.2311,,Mn,0.6179,,Si,0.2145,,S,0.0371,,P,0.0376,,Al,0,<,Cr,0.0722,,Cu,0.1666,,Ni,0.0453,,Mo,0.0281,,Ti,0,<,Nb,0.0012,,Pb,0.0084,,Sn,0.0376,,B,0.0016,,Sb,0.033,,V,0.0049,,Co,0.0037,,N,0.00416,,Fe,98.455
26-08-2023 05:02,0,3,SHYAM SEL_SMS,SHYAM SEL_SMS,SHYAM SEL_SMS,SHYAM SEL_SMS,BATCH NO./LOT NO.[E-7593              ] SIZE[B                   ] GRADE[02:40AM             ] ,C,0.2351,,Mn,0.6205,,Si,0.2157,,S,0.0422,,P,0.0398,,Al,0,<,Cr,0.0726,,Cu,0.1667,,Ni,0.0449,,Mo,0.03,,Ti,0,<,Nb,0.002,,Pb,0.0099,,Sn,0.0386,,B,0.0018,,Sb,0.0323,,V,0.0051,,Co,0.0048,,N,0.00411,,Fe,98.434
26-08-2023 05:02,0,4,SHYAM SEL_SMS,SHYAM SEL_SMS,SHYAM SEL_SMS,SHYAM SEL_SMS,BATCH NO./LOT NO.[E-7593              ] SIZE[B                   ] GRADE[02:40AM             ] ,C,0.2306,,Mn,0.6174,,Si,0.2186,,S,0.0373,,P,0.0392,,Al,0,<,Cr,0.0718,,Cu,0.1678,,Ni,0.0461,,Mo,0.0279,,Ti,0,<,Nb,0.0011,,Pb,0.0076,,Sn,0.0388,,B,0.0019,,Sb,0.0336,,V,0.0047,,Co,0.0038,,N,0.0047,,Fe,98.447
26-08-2023 05:03,0,5,SHYAM SEL_SMS,SHYAM SEL_SMS,SHYAM SEL_SMS,SHYAM SEL_SMS,BATCH NO./LOT NO.[E-7593              ] SIZE[B                   ] GRADE[02:40AM             ] ,C,0.1986,,Mn,0.4799,,Si,0.4578,,S,0.0307,,P,0.0282,,Al,0.0464,,Cr,0.0231,,Cu,0.0107,,Ni,0.0183,,Mo,0.0225,,Ti,0,<,Nb,0.0516,,Pb,0.0163,,Sn,0.011,,B,0.0068,,Sb,0.0939,,V,0.0989,,Co,0.1907,,N,0.00493,,Fe,98.21
26-08-2023 05:03,0,AV,SHYAM SEL_SMS,SHYAM SEL_SMS,SHYAM SEL_SMS,SHYAM SEL_SMS,BATCH NO./LOT NO.[E-7593              ] SIZE[B                   ] GRADE[02:40AM             ] ,C,0.2253,,Mn,0.5908,,Si,0.2648,,S,0.037,,P,0.0368,,Al,0.0093,R,Cr,0.0624,,Cu,0.1354,R,Ni,0.0399,,Mo,0.027,,Ti,0,<,Nb,0.0116,R,Pb,0.0101,,Sn,0.0327,,B,0.0028,R,Sb,0.0448,R,V,0.0237,R,Co,0.0413,R,N,0.0043,,Fe,98.4
26-08-2023 05:03,0,R,SHYAM SEL_SMS,SHYAM SEL_SMS,SHYAM SEL_SMS,SHYAM SEL_SMS,BATCH NO./LOT NO.[E-7593              ] SIZE[B                   ] GRADE[02:40AM             ] ,C,0.03655,,Mn,0.14058,,Si,0.24331,,S,0.0115,,P,0.01162,,Al,0.04636,,Cr,0.04943,,Cu,0.15712,,Ni,0.02772,,Mo,0.0075,,Ti,0,,Nb,0.0505,,Pb,0.00877,,Sn,0.02782,,B,0.00513,,Sb,0.06282,,V,0.09417,,Co,0.18722,,N,0.00134,,Fe,0.24543
26-08-2023 05:03,0,CV,SHYAM SEL_SMS,SHYAM SEL_SMS,SHYAM SEL_SMS,SHYAM SEL_SMS,BATCH NO./LOT NO.[E-7593              ] SIZE[B                   ] GRADE[02:40AM             ] ,C,6.6823,,Mn,10.493,,Si,40.726,,S,11.12,,P,13.181,,Al,223.61,,Cr,35.152,,Cu,51.479,,Ni,30.226,,Mo,10.342,,Ti,0,,Nb,193.13,,Pb,35.209,,Sn,37.208,,B,80.686,,Sb,61.364,,V,177.41,,Co,202.29,,N,12.281,,Fe,0.10851
26-08-2023 05:03,0,SD,SHYAM SEL_SMS,SHYAM SEL_SMS,SHYAM SEL_SMS,SHYAM SEL_SMS,BATCH NO./LOT NO.[E-7593              ] SIZE[B                   ] GRADE[02:40AM             ] ,C,0.01505,,Mn,0.06199,,Si,0.10786,,S,0.00412,,P,0.00484,,Al,0.02073,,Cr,0.02192,,Cu,0.06969,,Ni,0.01206,,Mo,0.0028,,Ti,0,,Nb,0.02239,,Pb,0.00357,,Sn,0.01218,,B,0.00224,,Sb,0.02746,,V,0.04203,,Co,0.08354,,N,0.00053,,Fe,0.10677
26-08-2023 05:02,0,1,SHYAM SEL_SMS,SHYAM SEL_SMS,SHYAM SEL_SMS,SHYAM SEL_SMS,BATCH NO./LOT NO.[E-7593              ] SIZE[B                   ] GRADE[02:40AM             ] ,C,0.2311,,Mn,0.6181,,Si,0.2177,,S,0.0379,,P,0.0389,,Al,0,<,Cr,0.0721,,Cu,0.165,,Ni,0.0449,,Mo,0.0267,,Ti,0,<,Nb,0.002,,Pb,0.0085,,Sn,0.0378,,B,0.0017,,Sb,0.031,,V,0.0049,,Co,0.0035,,N,0.00359,,Fe,98.455
26-08-2023 05:02,0,2,SHYAM SEL_SMS,SHYAM SEL_SMS,SHYAM SEL_SMS,SHYAM SEL_SMS,BATCH NO./LOT NO.[E-7593              ] SIZE[B                   ] GRADE[02:40AM             ] ,C,0.2311,,Mn,0.6179,,Si,0.2145,,S,0.0371,,P,0.0376,,Al,0,<,Cr,0.0722,,Cu,0.1666,,Ni,0.0453,,Mo,0.0281,,Ti,0,<,Nb,0.0012,,Pb,0.0084,,Sn,0.0376,,B,0.0016,,Sb,0.033,,V,0.0049,,Co,0.0037,,N,0.00416,,Fe,98.455
26-08-2023 05:02,0,3,SHYAM SEL_SMS,SHYAM SEL_SMS,SHYAM SEL_SMS,SHYAM SEL_SMS,BATCH NO./LOT NO.[E-7593              ] SIZE[B                   ] GRADE[02:40AM             ] ,C,0.2351,,Mn,0.6205,,Si,0.2157,,S,0.0422,,P,0.0398,,Al,0,<,Cr,0.0726,,Cu,0.1667,,Ni,0.0449,,Mo,0.03,,Ti,0,<,Nb,0.002,,Pb,0.0099,,Sn,0.0386,,B,0.0018,,Sb,0.0323,,V,0.0051,,Co,0.0048,,N,0.00411,,Fe,98.434
26-08-2023 05:02,0,4,SHYAM SEL_SMS,SHYAM SEL_SMS,SHYAM SEL_SMS,SHYAM SEL_SMS,BATCH NO./LOT NO.[E-7593              ] SIZE[B                   ] GRADE[02:40AM             ] ,C,0.2306,,Mn,0.6174,,Si,0.2186,,S,0.0373,,P,0.0392,,Al,0,<,Cr,0.0718,,Cu,0.1678,,Ni,0.0461,,Mo,0.0279,,Ti,0,<,Nb,0.0011,,Pb,0.0076,,Sn,0.0388,,B,0.0019,,Sb,0.0336,,V,0.0047,,Co,0.0038,,N,0.0047,,Fe,98.447
26-08-2023 05:06,0,AV,SHYAM SEL_SMS,SHYAM SEL_SMS,SHYAM SEL_SMS,SHYAM SEL_SMS,BATCH NO./LOT NO.[E-7593              ] SIZE[B                   ] GRADE[02:40AM             ] ,C,0.232,,Mn,0.6185,,Si,0.2166,,S,0.0386,,P,0.0389,,Al,0,<,Cr,0.0722,,Cu,0.1665,,Ni,0.0453,,Mo,0.0282,,Ti,0,<,Nb,0.0016,,Pb,0.0086,,Sn,0.0382,,B,0.0018,,Sb,0.0325,,V,0.0049,,Co,0.0039,,N,0.00414,,Fe,98.448
26-08-2023 05:06,0,R,SHYAM SEL_SMS,SHYAM SEL_SMS,SHYAM SEL_SMS,SHYAM SEL_SMS,BATCH NO./LOT NO.[E-7593              ] SIZE[B                   ] GRADE[02:40AM             ] ,C,0.00447,,Mn,0.00308,,Si,0.00413,,S,0.00509,,P,0.00225,,Al,0,,Cr,0.00082,,Cu,0.00286,,Ni,0.00115,,Mo,0.00331,,Ti,0,,Nb,0.00084,,Pb,0.00235,,Sn,0.00124,,B,0.00028,,Sb,0.00252,,V,0.00038,,Co,0.00127,,N,0.00111,,Fe,0.02114
26-08-2023 05:06,0,CV,SHYAM SEL_SMS,SHYAM SEL_SMS,SHYAM SEL_SMS,SHYAM SEL_SMS,BATCH NO./LOT NO.[E-7593              ] SIZE[B                   ] GRADE[02:40AM             ] ,C,0.90429,,Mn,0.22079,,Si,0.86859,,S,6.2024,,P,2.4391,,Al,0,,Cr,0.46539,,Cu,0.70464,,Ni,1.1974,,Mo,4.8792,,Ti,0,,Nb,28.724,,Pb,11.374,,Sn,1.5495,,B,6.7632,,Sb,3.376,,V,3.1877,,Co,14.546,,N,10.994,,Fe,0.00998
26-08-2023 05:06,0,SD,SHYAM SEL_SMS,SHYAM SEL_SMS,SHYAM SEL_SMS,SHYAM SEL_SMS,BATCH NO./LOT NO.[E-7593              ] SIZE[B                   ] GRADE[02:40AM             ] ,C,0.0021,,Mn,0.00137,,Si,0.00188,,S,0.00239,,P,0.00095,,Al,0,,Cr,0.00034,,Cu,0.00117,,Ni,0.00054,,Mo,0.00137,,Ti,0,,Nb,0.00045,,Pb,0.00098,,Sn,0.00059,,B,0.00012,,Sb,0.0011,,V,0.00016,,Co,0.00057,,N,0.00046,,Fe,0.00983
26-08-2023 05:08,0,1,SHYAM SEL_SMS,SHYAM SEL_SMS,SHYAM SEL_SMS,SHYAM SEL_SMS,BATCH NO./LOT NO.[E-7593              ] SIZE[B                   ] GRADE[02:40AM             ] ,C,0.176,,Mn,0.5305,,Si,0.2138,,S,0.0281,,P,0.0787,,Al,0.4429,,Cr,0.0048,,Cu,0.0056,,Ni,0.0063,,Mo,0.0161,,Ti,0.0002,,Nb,0,<,Pb,0.0012,,Sn,0.0105,,B,0.0012,,Sb,0.0128,,V,0.004,,Co,0,<,N,0.00431,,Fe,98.463
26-08-2023 05:08,0,2,SHYAM SEL_SMS,SHYAM SEL_SMS,SHYAM SEL_SMS,SHYAM SEL_SMS,BATCH NO./LOT NO.[E-7593              ] SIZE[B                   ] GRADE[02:40AM             ] ,C,0.1526,,Mn,0.5192,,Si,0.1547,,S,0.0239,,P,0.0777,,Al,0.4798,,Cr,0.0059,,Cu,0.0091,,Ni,0.0084,,Mo,0.022,,Ti,0,<,Nb,0.0002,,Pb,0.004,,Sn,0.0121,,B,0.0014,,Sb,0.037,,V,0.0049,,Co,0.0007,,N,0.00548,,Fe,98.481
26-08-2023 05:09,0,3,SHYAM SEL_SMS,SHYAM SEL_SMS,SHYAM SEL_SMS,SHYAM SEL_SMS,BATCH NO./LOT NO.[E-7593              ] SIZE[B                   ] GRADE[02:40AM             ] ,C,0.1477,,Mn,0.504,,Si,0.1521,,S,0.0226,,P,0.0772,,Al,0.3724,,Cr,0.0058,,Cu,0.0083,,Ni,0.0077,,Mo,0.022,,Ti,0,<,Nb,0.0001,,Pb,0.0049,,Sn,0.0116,,B,0.0012,,Sb,0.0322,,V,0.0051,,Co,0.0001,,N,0.00474,,Fe,98.62
26-08-2023 05:11,0,AV,SHYAM SEL_SMS,SHYAM SEL_SMS,SHYAM SEL_SMS,SHYAM SEL_SMS,BATCH NO./LOT NO.[E-7593              ] SIZE[B                   ] GRADE[02:40AM             ] ,C,0.1588,,Mn,0.5179,,Si,0.1735,,S,0.0249,,P,0.0779,,Al,0.4317,,Cr,0.0055,,Cu,0.0077,,Ni,0.0075,,Mo,0.02,,Ti,0.0001,R,Nb,0.0001,R,Pb,0.0034,R,Sn,0.0114,,B,0.0013,,Sb,0.0273,,V,0.0047,,Co,0.0003,R,N,0.00484,,Fe,98.521
26-08-2023 05:11,0,R,SHYAM SEL_SMS,SHYAM SEL_SMS,SHYAM SEL_SMS,SHYAM SEL_SMS,BATCH NO./LOT NO.[E-7593              ] SIZE[B                   ] GRADE[02:40AM             ] ,C,0.02834,,Mn,0.02645,,Si,0.06176,,S,0.0055,,P,0.0015,,Al,0.10738,,Cr,0.00111,,Cu,0.00358,,Ni,0.00206,,Mo,0.00589,,Ti,0.00017,,Nb,0.00018,,Pb,0.00366,,Sn,0.00161,,B,0.0002,,Sb,0.0242,,V,0.00111,,Co,0.0007,,N,0.00117,,Fe,0.15737
26-08-2023 05:11,0,CV,SHYAM SEL_SMS,SHYAM SEL_SMS,SHYAM SEL_SMS,SHYAM SEL_SMS,BATCH NO./LOT NO.[E-7593              ] SIZE[B                   ] GRADE[02:40AM             ] ,C,9.5425,,Mn,2.5628,,Si,20.116,,S,11.58,,P,0.99227,,Al,12.639,,Cr,11.198,,Cu,24.428,,Ni,13.962,,Mo,16.962,,Ti,173.21,,Nb,118.39,,Pb,57.025,,Sn,7.2146,,B,8.7273,,Sb,46.871,,V,12.732,,Co,140.37,,N,12.267,,Fe,0.08745
26-08-2023 05:11,0,SD,SHYAM SEL_SMS,SHYAM SEL_SMS,SHYAM SEL_SMS,SHYAM SEL_SMS,BATCH NO./LOT NO.[E-7593              ] SIZE[B                   ] GRADE[02:40AM             ] ,C,0.01515,,Mn,0.01327,,Si,0.03491,,S,0.00288,,P,0.00077,,Al,0.05456,,Cr,0.00061,,Cu,0.00187,,Ni,0.00104,,Mo,0.0034,,Ti,0.0001,,Nb,0.00009,,Pb,0.00191,,Sn,0.00082,,B,0.00011,,Sb,0.01281,,V,0.00059,,Co,0.00037,,N,0.00059,,Fe,0.08616
26-08-2023 05:14,0,1,SHYAM SEL_SMS,SHYAM SEL_SMS,SHYAM SEL_SMS,SHYAM SEL_SMS,BATCH NO./LOT NO.[E-7593              ] SIZE[B                   ] GRADE[02:40AM             ] ,C,0.2034,,Mn,0.4793,,Si,0.4525,,S,0.0312,,P,0.0282,,Al,0.044,,Cr,0.023,,Cu,0.0107,,Ni,0.0188,,Mo,0.0215,,Ti,0,<,Nb,0.0545,,Pb,0.0163,,Sn,0.0111,,B,0.0067,,Sb,0.0918,,V,0.0978,,Co,0.1897,,N,0.00512,,Fe,98.214
26-08-2023 05:31,0,2,SHYAM SEL_SMS,SHYAM SEL_SMS,SHYAM SEL_SMS,SHYAM SEL_SMS,BATCH NO./LOT NO.[E-7593              ] SIZE[B                   ] GRADE[02:40AM             ] ,C,0.1679,,Mn,0.6372,,Si,0.1859,,S,0.0253,,P,0.0857,,Al,0.3399,,Cr,0.0068,,Cu,0.0225,,Ni,0.0094,,Mo,0.0214,,Ti,0,<,Nb,0,<,Pb,0.002,,Sn,0.0118,,B,0.0013,,Sb,0.0324,,V,0.0034,,Co,0,<,N,0.00465,,Fe,98.442
26-08-2023 05:31,0,AV,SHYAM SEL_SMS,SHYAM SEL_SMS,SHYAM SEL_SMS,SHYAM SEL_SMS,BATCH NO./LOT NO.[E-7593              ] SIZE[B                   ] GRADE[02:40AM             ] ,C,0.1856,,Mn,0.5583,,Si,0.3192,,S,0.0283,,P,0.057,R,Al,0.1919,R,Cr,0.0149,R,Cu,0.0166,,Ni,0.0141,,Mo,0.0215,,Ti,0,<,Nb,0.0273,R,Pb,0.0091,R,Sn,0.0115,,B,0.004,R,Sb,0.0621,,V,0.0506,R,Co,0.0949,R,N,0.00488,,Fe,98.328
26-08-2023 05:31,0,R,SHYAM SEL_SMS,SHYAM SEL_SMS,SHYAM SEL_SMS,SHYAM SEL_SMS,BATCH NO./LOT NO.[E-7593              ] SIZE[B                   ] GRADE[02:40AM             ] ,C,0.03549,,Mn,0.15788,,Si,0.26666,,S,0.0059,,P,0.05752,,Al,0.29584,,Cr,0.01618,,Cu,0.01179,,Ni,0.0094,,Mo,0.00011,,Ti,0,,Nb,0.05453,,Pb,0.01429,,Sn,0.00071,,B,0.00535,,Sb,0.05936,,V,0.09443,,Co,0.18973,,N,0.00048,,Fe,0.22816
26-08-2023 05:31,0,CV,SHYAM SEL_SMS,SHYAM SEL_SMS,SHYAM SEL_SMS,SHYAM SEL_SMS,BATCH NO./LOT NO.[E-7593              ] SIZE[B                   ] GRADE[02:40AM             ] ,C,13.52,,Mn,19.997,,Si,59.069,,S,14.74,,P,71.387,,Al,108.99,,Cr,76.851,,Cu,50.108,,Ni,47.289,,Mo,0.35227,,Ti,0,,Nb,141.42,,Pb,110.6,,Sn,4.3804,,B,94.458,,Sb,67.593,,V,131.98,,Co,141.42,,N,6.8959,,Fe,0.16408
26-08-2023 05:31,0,SD,SHYAM SEL_SMS,SHYAM SEL_SMS,SHYAM SEL_SMS,SHYAM SEL_SMS,BATCH NO./LOT NO.[E-7593              ] SIZE[B                   ] GRADE[02:40AM             ] ,C,0.0251,,Mn,0.11164,,Si,0.18856,,S,0.00417,,P,0.04068,,Al,0.20919,,Cr,0.01144,,Cu,0.00833,,Ni,0.00665,,Mo,0.00008,,Ti,0,,Nb,0.03856,,Pb,0.01011,,Sn,0.0005,,B,0.00378,,Sb,0.04197,,V,0.06677,,Co,0.13416,,N,0.00034,,Fe,0.16133
26-08-2023 05:33,0,1,SHYAM SEL_SMS,SHYAM SEL_SMS,SHYAM SEL_SMS,SHYAM SEL_SMS,BATCH NO./LOT NO.[E-7593              ] SIZE[B                   ] GRADE[02:40AM             ] ,C,0.141,,Mn,0.5283,,Si,0.1664,,S,0.023,,P,0.0767,,Al,0,<,Cr,0.0057,,Cu,0.0067,,Ni,0.007,,Mo,0.0185,,Ti,0,<,Nb,0,<,Pb,0.0034,,Sn,0.0107,,B,0.0011,,Sb,0.0315,,V,0.0045,,Co,0,<,N,0.00441,,Fe,98.971
26-08-2023 05:35,0,2,SHYAM SEL_SMS,SHYAM SEL_SMS,SHYAM SEL_SMS,SHYAM SEL_SMS,BATCH NO./LOT NO.[E-7593              ] SIZE[B                   ] GRADE[02:40AM             ] ,C,0.1429,,Mn,0.0166,,Si,0.0491,,S,0.0219,,P,0.0779,,Al,0.3444,,Cr,0.0066,,Cu,0.0074,,Ni,0.0079,,Mo,0,<,Ti,0,<,Nb,0,<,Pb,0.0027,,Sn,0.013,,B,0.0013,,Sb,0.0369,,V,0.0096,,Co,0,<,N,0.00539,,Fe,99.257
26-08-2023 05:35,0,AV,SHYAM SEL_SMS,SHYAM SEL_SMS,SHYAM SEL_SMS,SHYAM SEL_SMS,BATCH NO./LOT NO.[E-7593              ] SIZE[B                   ] GRADE[02:40AM             ] ,C,0.142,,Mn,0.2724,R,Si,0.1078,R,S,0.0224,,P,0.0773,,Al,0.1722,R,Cr,0.0061,,Cu,0.007,,Ni,0.0074,,Mo,0.0093,R,Ti,0,<,Nb,0,<,Pb,0.003,,Sn,0.0118,,B,0.0012,,Sb,0.0342,,V,0.0071,,Co,0,<,N,0.0049,,Fe,99.114
26-08-2023 05:35,0,R,SHYAM SEL_SMS,SHYAM SEL_SMS,SHYAM SEL_SMS,SHYAM SEL_SMS,BATCH NO./LOT NO.[E-7593              ] SIZE[B                   ] GRADE[02:40AM             ] ,C,0.0019,,Mn,0.51163,,Si,0.11732,,S,0.00116,,P,0.00127,,Al,0.34437,,Cr,0.00081,,Cu,0.0007,,Ni,0.00098,,Mo,0.01851,,Ti,0,,Nb,0,,Pb,0.00069,,Sn,0.00228,,B,0.0002,,Sb,0.0054,,V,0.00509,,Co,0,,N,0.00097,,Fe,0.28534
26-08-2023 05:35,0,CV,SHYAM SEL_SMS,SHYAM SEL_SMS,SHYAM SEL_SMS,SHYAM SEL_SMS,BATCH NO./LOT NO.[E-7593              ] SIZE[B                   ] GRADE[02:40AM             ] ,C,0.94731,,Mn,132.79,,Si,76.987,,S,3.6592,,P,1.1659,,Al,141.42,,Cr,9.2705,,Cu,7.0794,,Ni,9.3054,,Mo,141.42,,Ti,0,,Nb,0,,Pb,16.277,,Sn,13.636,,B,11.606,,Sb,11.169,,V,50.738,,Co,0,,N,14.012,,Fe,0.20357
26-08-2023 05:35,0,SD,SHYAM SEL_SMS,SHYAM SEL_SMS,SHYAM SEL_SMS,SHYAM SEL_SMS,BATCH NO./LOT NO.[E-7593              ] SIZE[B                   ] GRADE[02:40AM             ] ,C,0.00134,,Mn,0.36178,,Si,0.08296,,S,0.00082,,P,0.0009,,Al,0.24351,,Cr,0.00057,,Cu,0.0005,,Ni,0.00069,,Mo,0.01309,,Ti,0,,Nb,0,,Pb,0.00049,,Sn,0.00161,,B,0.00014,,Sb,0.00382,,V,0.0036,,Co,0,,N,0.00069,,Fe,0.20177
26-08-2023 05:47,0,1,SHYAM SEL_SMS,SHYAM SEL_SMS,SHYAM SEL_SMS,SHYAM SEL_SMS,BATCH NO./LOT NO.[E-7593              ] SIZE[B                   ] GRADE[02:40AM             ] ,C,0.165,,Mn,0.6527,,Si,0.2074,,S,0.0208,,P,0.0853,,Al,0.1907,,Cr,0.0058,,Cu,0.0072,,Ni,0.0079,,Mo,0.0218,,Ti,0,<,Nb,0,<,Pb,0.002,,Sn,0.0134,,B,0.0014,,Sb,0.0372,,V,0.0031,,Co,0,<,N,0.00585,,Fe,98.572
26-08-2023 06:08,0,2,SHYAM SEL_SMS,SHYAM SEL_SMS,SHYAM SEL_SMS,SHYAM SEL_SMS,BATCH NO./LOT NO.[E-7593              ] SIZE[B                   ] GRADE[02:40AM             ] ,C,0.1658,,Mn,0.0166,,Si,0.0478,,S,0.0215,,P,0.0771,,Al,0.5416,,Cr,0.0061,,Cu,0.0056,,Ni,0.007,,Mo,0,<,Ti,0,<,Nb,0,<,Pb,0.0025,,Sn,0.013,,B,0.0012,,Sb,0.0351,,V,0.0096,,Co,0,<,N,0.00476,,Fe,99.045
26-08-2023 06:08,0,AV,SHYAM SEL_SMS,SHYAM SEL_SMS,SHYAM SEL_SMS,SHYAM SEL_SMS,BATCH NO./LOT NO.[E-7593              ] SIZE[B                   ] GRADE[02:40AM             ] ,C,0.1654,,Mn,0.3347,R,Si,0.1276,R,S,0.0211,,P,0.0812,,Al,0.3662,,Cr,0.0059,,Cu,0.0064,,Ni,0.0074,,Mo,0.0109,R,Ti,0,<,Nb,0,<,Pb,0.0023,,Sn,0.0132,,B,0.0013,,Sb,0.0361,,V,0.0063,R,Co,0,<,N,0.0053,,Fe,98.809
26-08-2023 06:08,0,R,SHYAM SEL_SMS,SHYAM SEL_SMS,SHYAM SEL_SMS,SHYAM SEL_SMS,BATCH NO./LOT NO.[E-7593              ] SIZE[B                   ] GRADE[02:40AM             ] ,C,0.0008,,Mn,0.63616,,Si,0.15962,,S,0.00067,,P,0.00824,,Al,0.35088,,Cr,0.00027,,Cu,0.00157,,Ni,0.00093,,Mo,0.02176,,Ti,0,,Nb,0,,Pb,0.00051,,Sn,0.00045,,B,0.00022,,Sb,0.0021,,V,0.00651,,Co,0,,N,0.00109,,Fe,0.47252
26-08-2023 06:08,0,CV,SHYAM SEL_SMS,SHYAM SEL_SMS,SHYAM SEL_SMS,SHYAM SEL_SMS,BATCH NO./LOT NO.[E-7593              ] SIZE[B                   ] GRADE[02:40AM             ] ,C,0.342,,Mn,134.42,,Si,88.44,,S,2.2466,,P,7.1771,,Al,67.758,,Cr,3.1965,,Cu,17.481,,Ni,8.8762,,Mo,141.42,,Ti,0,,Nb,0,,Pb,15.617,,Sn,2.4213,,B,11.525,,Sb,4.1177,,V,72.807,,Co,0,,N,14.575,,Fe,0.33815
26-08-2023 06:08,0,SD,SHYAM SEL_SMS,SHYAM SEL_SMS,SHYAM SEL_SMS,SHYAM SEL_SMS,BATCH NO./LOT NO.[E-7593              ] SIZE[B                   ] GRADE[02:40AM             ] ,C,0.00057,,Mn,0.44984,,Si,0.11287,,S,0.00047,,P,0.00583,,Al,0.24811,,Cr,0.00019,,Cu,0.00111,,Ni,0.00066,,Mo,0.01539,,Ti,0,,Nb,0,,Pb,0.00036,,Sn,0.00032,,B,0.00015,,Sb,0.00149,,V,0.0046,,Co,0,,N,0.00077,,Fe,0.33412
26-08-2023 06:21,0,1,SHYAM SEL_SMS,SHYAM SEL_SMS,SHYAM SEL_SMS,SHYAM SEL_SMS,BATCH NO./LOT NO.[E-7593              ] SIZE[B                   ] GRADE[02:40AM             ] ,C,0.1937,,Mn,0.703,,Si,0.2282,,S,0.0263,,P,0.0815,,Al,0.5742,,Cr,0.0058,,Cu,0.0077,,Ni,0.0083,,Mo,0.0241,,Ti,0,<,Nb,0,<,Pb,0.0025,,Sn,0.0143,,B,0.0016,,Sb,0.0286,,V,0.0026,,Co,0,<,N,0.00652,,Fe,98.091
26-08-2023 06:39,0,AV,SHYAM SEL_SMS,SHYAM SEL_SMS,SHYAM SEL_SMS,SHYAM SEL_SMS,BATCH NO./LOT NO.[E-7593              ] SIZE[B                   ] GRADE[02:40AM             ] ,C,0.1937,,Mn,0.703,,Si,0.2282,,S,0.0263,,P,0.0815,,Al,0.5742,,Cr,0.0058,,Cu,0.0077,,Ni,0.0083,,Mo,0.0241,,Ti,0,<,Nb,0,<,Pb,0.0025,,Sn,0.0143,,B,0.0016,,Sb,0.0286,,V,0.0026,,Co,0,<,N,0.00652,,Fe,98.091
26-08-2023 06:39,0,R,SHYAM SEL_SMS,SHYAM SEL_SMS,SHYAM SEL_SMS,SHYAM SEL_SMS,BATCH NO./LOT NO.[E-7593              ] SIZE[B                   ] GRADE[02:40AM             ] ,C,0,,Mn,0,,Si,0,,S,0,,P,0,,Al,0,,Cr,0,,Cu,0,,Ni,0,,Mo,0,,Ti,0,,Nb,0,,Pb,0,,Sn,0,,B,0,,Sb,0,,V,0,,Co,0,,N,0,,Fe,0
26-08-2023 06:39,0,CV,SHYAM SEL_SMS,SHYAM SEL_SMS,SHYAM SEL_SMS,SHYAM SEL_SMS,BATCH NO./LOT NO.[E-7593              ] SIZE[B                   ] GRADE[02:40AM             ] ,C,0,,Mn,0,,Si,0,,S,0,,P,0,,Al,0,,Cr,0,,Cu,0,,Ni,0,,Mo,0,,Ti,0,,Nb,0,,Pb,0,,Sn,0,,B,0,,Sb,0,,V,0,,Co,0,,N,0,,Fe,0
26-08-2023 06:39,0,SD,SHYAM SEL_SMS,SHYAM SEL_SMS,SHYAM SEL_SMS,SHYAM SEL_SMS,BATCH NO./LOT NO.[E-7593              ] SIZE[B                   ] GRADE[02:40AM             ] ,C,0,,Mn,0,,Si,0,,S,0,,P,0,,Al,0,,Cr,0,,Cu,0,,Ni,0,,Mo,0,,Ti,0,,Nb,0,,Pb,0,,Sn,0,,B,0,,Sb,0,,V,0,,Co,0,,N,0,,Fe,0
26-08-2023 06:40,0,1,SHYAM SEL_SMS,SHYAM SEL_SMS,SHYAM SEL_SMS,SHYAM SEL_SMS,BATCH NO./LOT NO.[E-7593              ] SIZE[B                   ] GRADE[02:40AM             ] ,C,0.1642,,Mn,0.6842,,Si,0.2189,,S,0.0248,,P,0.0862,,Al,0.5417,,Cr,0.0059,,Cu,0.005,,Ni,0.0048,,Mo,0.0205,,Ti,0.0027,,Nb,0.0001,,Pb,0.005,,Sn,0.0107,,B,0.0012,,Sb,0.0318,,V,0.0041,,Co,0,<,N,0.00295,,Fe,98.185
26-08-2023 06:41,0,2,SHYAM SEL_SMS,SHYAM SEL_SMS,SHYAM SEL_SMS,SHYAM SEL_SMS,BATCH NO./LOT NO.[E-7593              ] SIZE[B                   ] GRADE[02:40AM             ] ,C,0.1527,,Mn,0.6476,,Si,0.1974,,S,0.0235,,P,0.0869,,Al,0.463,,Cr,0.0063,,Cu,0.0065,,Ni,0.0065,,Mo,0.0218,,Ti,0,<,Nb,0,<,Pb,0.0044,,Sn,0.0117,,B,0.0013,,Sb,0.0351,,V,0.0041,,Co,0,<,N,0.00454,,Fe,98.327
26-08-2023 06:41,0,AV,SHYAM SEL_SMS,SHYAM SEL_SMS,SHYAM SEL_SMS,SHYAM SEL_SMS,BATCH NO./LOT NO.[E-7593              ] SIZE[B                   ] GRADE[02:40AM             ] ,C,0.1585,,Mn,0.6659,,Si,0.2082,,S,0.0241,,P,0.0866,,Al,0.5023,,Cr,0.0061,,Cu,0.0057,,Ni,0.0056,,Mo,0.0211,,Ti,0.0013,R,Nb,0,R,Pb,0.0047,,Sn,0.0112,,B,0.0013,,Sb,0.0335,,V,0.0041,,Co,0,<,N,0.00375,,Fe,98.256
26-08-2023 06:41,0,R,SHYAM SEL_SMS,SHYAM SEL_SMS,SHYAM SEL_SMS,SHYAM SEL_SMS,BATCH NO./LOT NO.[E-7593              ] SIZE[B                   ] GRADE[02:40AM             ] ,C,0.01152,,Mn,0.03654,,Si,0.02156,,S,0.0013,,P,0.00069,,Al,0.07876,,Cr,0.00037,,Cu,0.00144,,Ni,0.00173,,Mo,0.00134,,Ti,0.00268,,Nb,0.00005,,Pb,0.00063,,Sn,0.00103,,B,0.00002,,Sb,0.00331,,V,0,,Co,0,,N,0.00159,,Fe,0.14153
26-08-2023 06:41,0,CV,SHYAM SEL_SMS,SHYAM SEL_SMS,SHYAM SEL_SMS,SHYAM SEL_SMS,BATCH NO./LOT NO.[E-7593              ] SIZE[B                   ] GRADE[02:40AM             ] ,C,5.1391,,Mn,3.8805,,Si,7.3244,,S,3.8207,,P,0.5634,,Al,11.087,,Cr,4.2347,,Cu,17.789,,Ni,21.705,,Mo,4.4985,,Ti,141.42,,Nb,141.42,,Pb,9.5446,,Sn,6.5295,,B,1.0985,,Sb,7.0055,,V,0.05167,,Co,0,,N,29.954,,Fe,0.10186
26-08-2023 06:41,0,SD,SHYAM SEL_SMS,SHYAM SEL_SMS,SHYAM SEL_SMS,SHYAM SEL_SMS,BATCH NO./LOT NO.[E-7593              ] SIZE[B                   ] GRADE[02:40AM             ] ,C,0.00814,,Mn,0.02584,,Si,0.01525,,S,0.00092,,P,0.00049,,Al,0.05569,,Cr,0.00026,,Cu,0.00102,,Ni,0.00122,,Mo,0.00095,,Ti,0.0019,,Nb,0.00004,,Pb,0.00045,,Sn,0.00073,,B,0.00001,,Sb,0.00234,,V,0,,Co,0,,N,0.00112,,Fe,0.10008
